site,year,sample_type,sample_n,replicate,metric,q,n_shots,M,M_prime,qHt,qEt,qDT,qDTM
ABBY,2025,all_shots,218,NA,FHD,0,218,0.1804138474645021,0.18124524768323252,47304,0.999978909404837,217.99540225025447,40.329389249540185
ABBY,2025,all_shots,218,NA,FHD,1,218,0.1804138474645021,0.18124524768323252,34376.62410974934,0.8527982394800351,185.91001620664764,34.54074130602924
ABBY,2025,all_shots,218,NA,FHD,2,218,0.1804138474645021,0.18124524768323252,28475.299667823896,0.7763623806838984,169.24699898908986,31.534502259442398
ABBY,2025,all_shots,218,NA,cover,0,218,0.34118160639609313,0.3427538718633562,47306,1,218,75.3775901943483
ABBY,2025,all_shots,218,NA,cover,1,218,0.34118160639609313,0.3427538718633562,33822.49036222649,0.8459155887236572,184.4095983417573,63.91716299709906
ABBY,2025,all_shots,218,NA,cover,2,218,0.34118160639609313,0.3427538718633562,29268.141692735837,0.7870645592695832,171.58007392076914,59.53996524584842
ABBY,2025,all_shots,218,NA,PAI,0,218,0.23767358049957232,0.23876885045579155,47306,1,218,52.81284054890676
ABBY,2025,all_shots,218,NA,PAI,1,218,0.23767358049957232,0.23876885045579155,35769.05164695011,0.8698520136122797,189.62773896747697,46.06950368243852
ABBY,2025,all_shots,218,NA,PAI,2,218,0.23767358049957232,0.23876885045579155,31171.09877431964,0.8121747517731982,177.0540958865572,43.081080911472654
ABBY,2025,all_shots,218,NA,FHD_cover_PAI,0,218,0.27531154660519597,0.2765802634098282,47306,1,218,61.01791715993272
ABBY,2025,all_shots,218,NA,FHD_cover_PAI,1,218,0.27531154660519597,0.2765802634098282,37613.336417797385,0.8919368093230537,194.44222443242572,54.532189533845745
ABBY,2025,all_shots,218,NA,FHD_cover_PAI,2,218,0.27531154660519597,0.2765802634098282,32800.629785592966,0.8330739983857907,181.61013164810237,50.99936622321231
BART,2024,all_shots,525,NA,FHD,0,525,0.07168411570190565,0.07182091744942837,275100,1,525,38.634160743500466
BART,2024,all_shots,525,NA,FHD,1,525,0.07168411570190565,0.07182091744942837,184830.2276026204,0.8198460045764926,430.4191524026586,31.85421632114834
BART,2024,all_shots,525,NA,FHD,2,525,0.07168411570190565,0.07182091744942837,134682.60692407333,0.6999840582691744,367.49163059131655,27.343312566789905
BART,2024,all_shots,525,NA,cover,0,525,0.2188636933066441,0.2192813721106644,275100,1,525,115.90343898598815
BART,2024,all_shots,525,NA,cover,1,525,0.2188636933066441,0.2192813721106644,192914.05821973152,0.8375621212055975,439.72011363293865,97.23876809092218
BART,2024,all_shots,525,NA,cover,2,525,0.2188636933066441,0.2192813721106644,157349.28313602557,0.7565201541560477,397.17308093192503,87.92676737473977
BART,2024,all_shots,525,NA,PAI,0,525,0.20868909358666063,0.2090873552156428,275100,1,525,110.56177413299683
BART,2024,all_shots,525,NA,PAI,1,525,0.20868909358666063,0.2090873552156428,210184.04329283323,0.8742068683166826,458.9586058662584,96.77965545202689
BART,2024,all_shots,525,NA,PAI,2,525,0.20868909358666063,0.2090873552156428,180549.86119528094,0.8103083550280619,425.4118863897325,89.77882097166473
BART,2024,all_shots,525,NA,FHD_cover_PAI,0,525,0.18838026885568343,0.18873977318556068,275100,1,525,99.8996411492338
BART,2024,all_shots,525,NA,FHD_cover_PAI,1,525,0.18838026885568343,0.18873977318556068,215454.597793961,0.885087886914708,464.67114063022166,88.53487440139824
BART,2024,all_shots,525,NA,FHD_cover_PAI,2,525,0.18838026885568343,0.18873977318556068,182361.1849248518,0.814358053936655,427.5379783167439,81.53971930132356
BART,2025,all_shots,436,NA,FHD,0,436,0.09713468533409193,0.09735798346129675,189660,1,436,43.350722805664084
BART,2025,all_shots,436,NA,FHD,1,436,0.09713468533409193,0.09735798346129675,118151.61483586956,0.7895235263421944,344.2322574851967,34.43689201266869
BART,2025,all_shots,436,NA,FHD,2,436,0.09713468533409193,0.09735798346129675,83934.91088199422,0.6656322367527788,290.21565522421156,29.190006349231105
BART,2025,all_shots,436,NA,cover,0,436,0.3021902729710066,0.30288496325369857,189660,1,436,132.75495901535888
BART,2025,all_shots,436,NA,cover,1,436,0.3021902729710066,0.30288496325369857,138995.7743138036,0.8562424444898202,373.3217057975616,113.81418818096695
BART,2025,all_shots,436,NA,cover,2,436,0.3021902729710066,0.30288496325369857,118781.20694418838,0.7916212346600732,345.1468583117919,105.30002332832574
BART,2025,all_shots,436,NA,PAI,0,436,0.18519061769538936,0.18561634325330978,189660,1,436,81.74310931518976
BART,2025,all_shots,436,NA,PAI,1,436,0.18519061769538936,0.18561634325330978,116528.82862529413,0.7840907290046367,341.8635578460216,64.30992344504821
BART,2025,all_shots,436,NA,PAI,2,436,0.18519061769538936,0.18561634325330978,92159.15801274186,0.6974258723852589,304.0776803599729,57.31233345324454
BART,2025,all_shots,436,NA,FHD_cover_PAI,0,436,0.22751229264380826,0.22803530940850666,189660,1,436,100.1953595927004
BART,2025,all_shots,436,NA,FHD_cover_PAI,1,436,0.22751229264380826,0.22803530940850666,145573.8997525069,0.8762426743923741,382.0418060350751,87.91920717682105
BART,2025,all_shots,436,NA,FHD_cover_PAI,2,436,0.22751229264380826,0.22803530940850666,123896.96299448499,0.8084641266861077,352.49035923514293,81.19588976442694
BLAN,2024,all_shots,115,NA,FHD,0,115,0.19941538159028283,0.2011646393235309,13090,0.9992402645360462,114.91263042164532,23.915346045075545
BLAN,2024,all_shots,115,NA,FHD,1,115,0.19941538159028283,0.2011646393235309,8270.527998379763,0.7951636331553565,91.443817812866,19.235303823224974
BLAN,2024,all_shots,115,NA,FHD,2,115,0.19941538159028283,0.2011646393235309,6551.689615818586,0.7082091511370094,81.44405238075609,17.241196783767457
BLAN,2024,all_shots,115,NA,cover,0,115,0.3099912740020336,0.3127104957038058,13110,1,115,36.648996510233864
BLAN,2024,all_shots,115,NA,cover,1,115,0.3099912740020336,0.3127104957038058,8774.869291704968,0.818918319181113,94.175606705828,30.19361630265408
BLAN,2024,all_shots,115,NA,cover,2,115,0.3099912740020336,0.3127104957038058,7339.64353101079,0.7493319878049395,86.17317859756804,27.71293341826489
BLAN,2024,all_shots,115,NA,PAI,0,115,0.2362275872679086,0.23829975908604817,13110,1,115,28.16617253580949
BLAN,2024,all_shots,115,NA,PAI,1,115,0.2362275872679086,0.23829975908604817,9980.111547514616,0.8730587781006589,100.40175948157578,24.717665399785513
BLAN,2024,all_shots,115,NA,PAI,2,115,0.2362275872679086,0.23829975908604817,8669.478499541432,0.8140119726385204,93.61137685342985,23.11358969491268
BLAN,2024,all_shots,115,NA,FHD_cover_PAI,0,115,0.2740537645099283,0.27645774490036623,13110,1,115,32.51618291864175
BLAN,2024,all_shots,115,NA,FHD_cover_PAI,1,115,0.2740537645099283,0.27645774490036623,10283.722271193588,0.8861732344030688,101.90992195635292,28.928797753051516
BLAN,2024,all_shots,115,NA,FHD_cover_PAI,2,115,0.2740537645099283,0.27645774490036623,8801.775722737757,0.8201661888143209,94.3191117136469,26.848507630357407
CLBJ,2024,all_shots,2092,NA,FHD,0,2092,0.17643239523655715,0.17651677227875542,4374064,0.9999648027432158,2091.9263673388073,370.0835796480957
CLBJ,2024,all_shots,2092,NA,FHD,1,2092,0.17643239523655715,0.17651677227875542,3238259.4512213334,0.8604285462432555,1800.0165187408904,318.58122586682447
CLBJ,2024,all_shots,2092,NA,FHD,2,2092,0.17643239523655715,0.17651677227875542,2783638.916581392,0.7977648932487622,1668.9241566764106,295.4522864305703
CLBJ,2024,all_shots,2092,NA,cover,0,2092,0.26406821018023124,0.26419449818127394,4374372,1,2092,553.4306956970438
CLBJ,2024,all_shots,2092,NA,cover,1,2092,0.26406821018023124,0.26419449818127394,3047487.022012416,0.8347062043495179,1746.2053794991914,462.1173291714429
CLBJ,2024,all_shots,2092,NA,cover,2,2092,0.26406821018023124,0.26419449818127394,2609063.796646835,0.7723516949693237,1615.759745875825,427.6707841746944
CLBJ,2024,all_shots,2092,NA,PAI,0,2092,0.10626852819100503,0.1063193500600586,4374372,1,2092,223.31376097558254
CLBJ,2024,all_shots,2092,NA,PAI,1,2092,0.10626852819100503,0.1063193500600586,2750456.2652347134,0.792997148177808,1658.9500339879744,177.29417845431982
CLBJ,2024,all_shots,2092,NA,PAI,2,2092,0.10626852819100503,0.1063193500600586,2192367.0929880943,0.7080136203290817,1481.1644937284389,158.4011707572963
CLBJ,2024,all_shots,2092,NA,FHD_cover_PAI,0,2092,0.206700209525887,0.20679906184990704,4374372,1,2092,433.4168383281556
CLBJ,2024,all_shots,2092,NA,FHD_cover_PAI,1,2092,0.206700209525887,0.20679906184990704,3433027.1776143517,0.8859192476602595,1853.343066105263,384.0864000873077
CLBJ,2024,all_shots,2092,NA,FHD_cover_PAI,2,2092,0.206700209525887,0.20679906184990704,2976623.298576204,0.8249471367553416,1725.7894100921746,357.72103266360944
CLBJ,2025,all_shots,1227,NA,FHD,0,1227,0.1589209143717686,0.15905053991367055,1504030,0.9999096253920858,1226.8891103560893,195.97833925055545
CLBJ,2025,all_shots,1227,NA,FHD,1,1227,0.1589209143717686,0.15905053991367055,1130781.1530140715,0.8670595426382146,1063.8820588170893,170.07310957093154
CLBJ,2025,all_shots,1227,NA,FHD,2,1227,0.1589209143717686,0.15905053991367055,968186.5746297074,0.8023348404935922,984.4648492856376,157.4520540153389
CLBJ,2025,all_shots,1227,NA,cover,0,1227,0.20667314613452617,0.2068417212945054,1504302,1,1227,254.5879503070636
CLBJ,2025,all_shots,1227,NA,cover,1,1227,0.20667314613452617,0.2068417212945054,1012550.4929645465,0.8205018777023638,1006.7558039408004,209.0693893896394
CLBJ,2025,all_shots,1227,NA,cover,2,1227,0.20667314613452617,0.2068417212945054,827317.476006924,0.7417034047008366,910.0700775679265,189.08704613385564
CLBJ,2025,all_shots,1227,NA,PAI,0,1227,0.07719598270767344,0.07725894843582,1504302,1,1227,95.71947078231531
CLBJ,2025,all_shots,1227,NA,PAI,1,1227,0.07719598270767344,0.07725894843582,876275.5911154482,0.7633219755845801,936.5960640422799,73.30145356388284
CLBJ,2025,all_shots,1227,NA,PAI,2,1227,0.07719598270767344,0.07725894843582,637163.0008770778,0.6509576713910976,798.7250627968767,62.65836613585308
CLBJ,2025,all_shots,1227,NA,FHD_cover_PAI,0,1227,0.16935914797727467,0.16949728757595106,1504302,1,1227,208.803674568116
CLBJ,2025,all_shots,1227,NA,FHD_cover_PAI,1,1227,0.16935914797727467,0.16949728757595106,1166830.1590704452,0.8807654809124346,1080.6992450795572,184.02630336635775
CLBJ,2025,all_shots,1227,NA,FHD_cover_PAI,2,1227,0.16935914797727467,0.16949728757595106,988283.0227921504,0.8106148124783878,994.6243749109818,169.4487366923533
CPER,2024,all_shots,3030,NA,FHD,0,3030,0.06708136655394321,0.06710351292784679,9161096,0.9990859043774707,3027.230290263736,204.07074474438159
CPER,2024,all_shots,3030,NA,FHD,1,3030,0.06708136655394321,0.06710351292784679,6106932.129063128,0.8157494480727777,2471.7208276605165,166.806410859311
CPER,2024,all_shots,3030,NA,FHD,2,3030,0.06708136655394321,0.06710351292784679,4811326.431643851,0.7240837150078029,2193.9736564736427,148.17475105960352
CPER,2024,all_shots,3030,NA,cover,0,3030,0.015678003838937103,0.015683179805869734,9177870,1,3030,48.504351631979425
CPER,2024,all_shots,3030,NA,cover,1,3030,0.015678003838937103,0.015683179805869734,6376392.315713985,0.8335485111010972,2525.6519886363244,40.59718157365942
CPER,2024,all_shots,3030,NA,cover,2,3030,0.015678003838937103,0.015683179805869734,4756630.391572521,0.7199571335914426,2181.470114782071,35.20109683407987
CPER,2024,all_shots,3030,NA,PAI,0,3030,0.004014481221595635,0.004015806570298704,9177870,1,3030,13.163878101434776
CPER,2024,all_shots,3030,NA,PAI,1,3030,0.004014481221595635,0.004015806570298704,6317704.556057794,0.8297044511478059,2514.0044869778517,11.092423803979754
CPER,2024,all_shots,3030,NA,PAI,2,3030,0.004014481221595635,0.004015806570298704,4619336.205684681,0.7094931241256546,2149.7641661007333,9.630187875670595
CPER,2024,all_shots,3030,NA,FHD_cover_PAI,0,3030,0.041643333562683654,0.041657081774490415,9177870,1,3030,127.17930069493147
CPER,2024,all_shots,3030,NA,FHD_cover_PAI,1,3030,0.041643333562683654,0.041657081774490415,6621301.750502025,0.849402334008906,2573.689072046985,108.17699251388636
CPER,2024,all_shots,3030,NA,FHD_cover_PAI,2,3030,0.041643333562683654,0.041657081774490415,5252726.8197832145,0.7565620018591539,2292.382865633236,96.46246432694548
CPER,2025,all_shots,509,NA,FHD,0,509,0.09629763369987855,0.0964871959709413,254912,0.9929044282813702,505.3883539952174,49.667702589216
CPER,2025,all_shots,509,NA,FHD,1,509,0.09629763369987855,0.0964871959709413,179903.3907056518,0.8342838762128644,424.65049299234795,41.892837624649964
CPER,2025,all_shots,509,NA,FHD,2,509,0.09629763369987855,0.0964871959709413,150762.45155266224,0.7638147929563891,388.78172961480203,38.43876058765143
CPER,2025,all_shots,509,NA,cover,0,509,0.01870092358645584,0.018737736428161463,258572,1,509,10.518770105506023
CPER,2025,all_shots,509,NA,cover,1,509,0.01870092358645584,0.018737736428161463,168816.06758390908,0.8081977001817348,411.372629392503,8.693048107828616
CPER,2025,all_shots,509,NA,cover,2,509,0.01870092358645584,0.018737736428161463,124660.96333640597,0.6946443002386999,353.5739488214983,7.612159399072287
CPER,2025,all_shots,509,NA,PAI,0,509,0.004810081031509689,0.004819549694957543,258572,1,509,3.448331245038432
CPER,2025,all_shots,509,NA,PAI,1,509,0.004810081031509689,0.004819549694957543,166745.01984819342,0.8032309390165672,408.8445479594327,2.9665754049758206
CPER,2025,all_shots,509,NA,PAI,2,509,0.004810081031509689,0.004819549694957543,120921.87549066855,0.6841622551384404,348.2385878654662,2.6750558259313992
CPER,2025,all_shots,509,NA,FHD_cover_PAI,0,509,0.05869559661257735,0.058811139125594235,258572,1,509,30.876058675801872
CPER,2025,all_shots,509,NA,FHD_cover_PAI,1,509,0.05869559661257735,0.058811139125594235,191020.1754703286,0.8596440771125281,437.5588352502768,26.682776888119438
CPER,2025,all_shots,509,NA,FHD_cover_PAI,2,509,0.05869559661257735,0.058811139125594235,160226.5619358348,0.7873937416798807,400.7834145150593,24.5242216273873
DCFS,2024,all_shots,2196,NA,FHD,0,2196,0.08878046151759779,0.08882090819710467,4802928,0.9982051032354947,2192.0584067051464,195.61195702081298
DCFS,2024,all_shots,2196,NA,FHD,1,2196,0.08878046151759779,0.08882090819710467,3258447.2726079016,0.8222299810925299,1805.6170384791956,161.3035140002211
DCFS,2024,all_shots,2196,NA,FHD,2,2196,0.08878046151759779,0.08882090819710467,2576446.9037430114,0.7311618882886761,1605.6315066819327,143.54870619041787
DCFS,2024,all_shots,2196,NA,cover,0,2196,0.02597763836532782,0.025989473280300632,4820220,1,2196,58.04689385025989
DCFS,2024,all_shots,2196,NA,cover,1,2196,0.02597763836532782,0.025989473280300632,2516201.535227769,0.7225655784658526,1586.7540103110123,42.22012185459313
DCFS,2024,all_shots,2196,NA,cover,2,2196,0.02597763836532782,0.025989473280300632,1241740.726007085,0.5076659014916626,1114.834319675691,29.96076279379137
DCFS,2024,all_shots,2196,NA,PAI,0,2196,0.007011410396440092,0.0070146046608576046,4820220,1,2196,16.39705723058244
DCFS,2024,all_shots,2196,NA,PAI,1,2196,0.007011410396440092,0.0070146046608576046,2272395.414920849,0.6866788419897933,1507.9467370095863,11.572833429146925
DCFS,2024,all_shots,2196,NA,PAI,2,2196,0.007011410396440092,0.0070146046608576046,941246.4645043364,0.4420212670107328,970.6787023555693,7.805826745298816
DCFS,2024,all_shots,2196,NA,FHD_cover_PAI,0,2196,0.056411423348829086,0.05643712331390828,4820220,1,2196,124.87948567402867
DCFS,2024,all_shots,2196,NA,FHD_cover_PAI,1,2196,0.056411423348829086,0.05643712331390828,3428562.5828370564,0.8434143344399282,1852.1378784300823,105.48173396052151
DCFS,2024,all_shots,2196,NA,FHD_cover_PAI,2,2196,0.056411423348829086,0.05643712331390828,2612018.94048063,0.7361904576896224,1616.6742450864108,92.19889525671819
DCFS,2025,all_shots,3030,NA,FHD,0,3030,0.09313087296542476,0.09316161937445923,9139254,0.9978943739150171,3023.619952962502,282.59236573507434
DCFS,2025,all_shots,3030,NA,FHD,1,3030,0.09313087296542476,0.09316161937445923,6201969.534087577,0.8220710991251892,2490.8754303493233,232.97740327656055
DCFS,2025,all_shots,3030,NA,FHD,2,3030,0.09313087296542476,0.09316161937445923,4984701.883207456,0.7370114356460651,2233.144650007577,208.9747107132736
DCFS,2025,all_shots,3030,NA,cover,0,3030,0.028700058377245263,0.02870953347079998,9177870,1,3030,87.96117688305314
DCFS,2025,all_shots,3030,NA,cover,1,3030,0.028700058377245263,0.02870953347079998,5464683.687406471,0.7716720608345095,2338.166344328564,68.10551057793992
DCFS,2025,all_shots,3030,NA,cover,2,3030,0.028700058377245263,0.02870953347079998,3384141.4871265423,0.6072949472723053,1840.103690235085,53.81108332993137
DCFS,2025,all_shots,3030,NA,PAI,0,3030,0.007616663232149186,0.007619177812285253,9177870,1,3030,24.078489593412034
DCFS,2025,all_shots,3030,NA,PAI,1,3030,0.007616663232149186,0.007619177812285253,5197254.961085211,0.7525574046126503,2280.2489359763304,18.36788823079822
DCFS,2025,all_shots,3030,NA,PAI,2,3030,0.007616663232149186,0.007619177812285253,2914247.1050058785,0.563569860987077,1707.616678790843,14.006341171950922
DCFS,2025,all_shots,3030,NA,FHD_cover_PAI,0,3030,0.05980628095790267,0.05982602552078082,9177870,1,3030,182.2130313024451
DCFS,2025,all_shots,3030,NA,FHD_cover_PAI,1,3030,0.05980628095790267,0.05982602552078082,6687850.879236386,0.8536594050148731,2586.587997195066,155.69420848258687
DCFS,2025,all_shots,3030,NA,FHD_cover_PAI,2,3030,0.05980628095790267,0.05982602552078082,5356347.464472583,0.7639862945901876,2314.8784726082686,139.44427231621071
DELA,2025,all_shots,159,NA,FHD,0,159,0.21186840438550922,0.21320934365377195,25080,0.9991663676993582,158.86745246419795,34.658993662380354
DELA,2025,all_shots,159,NA,FHD,1,159,0.21186840438550922,0.21320934365377195,15561.162191145857,0.7877068519400755,125.245389458472,27.53554082120814
DELA,2025,all_shots,159,NA,FHD,2,159,0.21186840438550922,0.21320934365377195,12260.936067906014,0.6995612583571568,111.23024007878793,24.566173484909914
DELA,2025,all_shots,159,NA,cover,0,159,0.3311394003645129,0.3332352193541617,25122,1,159,53.65116465795755
DELA,2025,all_shots,159,NA,cover,1,159,0.3311394003645129,0.3332352193541617,16212.433546680797,0.8039562046658474,127.82903654186973,43.32923050964815
DELA,2025,all_shots,159,NA,cover,2,159,0.3311394003645129,0.3332352193541617,13531.850420310006,0.7347645068042635,116.8275565818779,39.68620703257425
DELA,2025,all_shots,159,NA,PAI,0,159,0.25283778217985337,0.2544380213075739,25122,1,159,41.201207366596684
DELA,2025,all_shots,159,NA,PAI,1,159,0.25283778217985337,0.2544380213075739,19020.923606637083,0.8705488734511344,138.41727087873036,35.99711578436619
DELA,2025,all_shots,159,NA,PAI,2,159,0.25283778217985337,0.2544380213075739,16513.104446414545,0.8113477822956472,129.0042973850079,33.61716044249565
DELA,2025,all_shots,159,NA,FHD_cover_PAI,0,159,0.28662795960809256,0.2884420606182704,25122,1,159,46.57384557768672
DELA,2025,all_shots,159,NA,FHD_cover_PAI,1,159,0.28662795960809256,0.2884420606182704,18750.7548235392,0.8643667196473404,137.43430842392712,40.39251540369952
DELA,2025,all_shots,159,NA,FHD_cover_PAI,2,159,0.28662795960809256,0.2884420606182704,15763.067607195244,0.7927801973952862,126.0520513858505,37.13004229314077
DSNY,2024,all_shots,875,NA,FHD,0,875,0.22172643152918856,0.22198012309844392,764330,0.9997255197701704,874.7598297988991,194.95737550639024
DSNY,2024,all_shots,875,NA,FHD,1,875,0.22172643152918856,0.22198012309844392,570923.998761644,0.8641089077663922,756.0952942955931,168.6463115001735
DSNY,2024,all_shots,875,NA,FHD,2,875,0.22172643152918856,0.22198012309844392,495496.1903395193,0.805045806110529,704.4150803467129,157.1874420806233
DSNY,2024,all_shots,875,NA,cover,0,875,0.31575309447153416,0.31611436803500276,764750,1,875,277.2839576625924
DSNY,2024,all_shots,875,NA,cover,1,875,0.31575309447153416,0.31611436803500276,493204.4097610584,0.803183213966622,702.7853122207943,222.90663708285908
DSNY,2024,all_shots,875,NA,cover,2,875,0.31575309447153416,0.31611436803500276,417011.7875592001,0.7385882195394878,646.2646920970518,205.06007637733734
DSNY,2024,all_shots,875,NA,PAI,0,875,0.16415493210181323,0.16434275239025925,764750,1,875,144.63556558908658
DSNY,2024,all_shots,875,NA,PAI,1,875,0.16415493210181323,0.16434275239025925,417028.29032099317,0.7386028224690323,646.2774696604033,107.08963415103517
DSNY,2024,all_shots,875,NA,PAI,2,875,0.16415493210181323,0.16434275239025925,335806.34696260997,0.6628436798460134,579.9882198652617,96.20792685183356
DSNY,2024,all_shots,875,NA,FHD_cover_PAI,0,875,0.2630521749446557,0.26335314997319653,764750,1,875,231.17065307657376
DSNY,2024,all_shots,875,NA,FHD_cover_PAI,1,875,0.2630521749446557,0.26335314997319653,577843.323863357,0.8693259760827077,760.6602290723692,201.09332765138677
DSNY,2024,all_shots,875,NA,FHD_cover_PAI,2,875,0.2630521749446557,0.26335314997319653,495977.19315210334,0.8054361828553155,704.756659998401,186.38777221931062
DSNY,2025,all_shots,120,NA,FHD,0,120,0.2075101209848694,0.20925390351415402,14280,1,120,25.90121451818433
DSNY,2025,all_shots,120,NA,FHD,1,120,0.2075101209848694,0.20925390351415402,10706.74732385982,0.8664551803461651,103.97462164153981,22.575786316191948
DSNY,2025,all_shots,120,NA,FHD,2,120,0.2075101209848694,0.20925390351415402,9337.380801299108,0.8094284771504057,97.13141725804869,21.155752146649515
DSNY,2025,all_shots,120,NA,cover,0,120,0.223760741294289,0.22564108365810656,14280,1,120,27.85128895531468
DSNY,2025,all_shots,120,NA,cover,1,120,0.223760741294289,0.22564108365810656,10363.025816969914,0.8525014659847318,102.30017591816781,23.8907631979854
DSNY,2025,all_shots,120,NA,cover,2,120,0.223760741294289,0.22564108365810656,8770.235654784228,0.7845905923663214,94.15087108395858,22.06726870724961
DSNY,2025,all_shots,120,NA,PAI,0,120,0.08569037534977778,0.08641046253759103,14280,1,120,11.282845041973333
DSNY,2025,all_shots,120,NA,PAI,1,120,0.08569037534977778,0.08641046253759103,9527.98104254551,0.8176054850715192,98.1126582085823,9.407310508457874
DSNY,2025,all_shots,120,NA,PAI,2,120,0.08569037534977778,0.08641046253759103,7650.292469920168,0.7330614955152693,87.96737946183232,8.537957764620744
DSNY,2025,all_shots,120,NA,FHD_cover_PAI,0,120,0.1914836217292315,0.19309272779418302,14280,1,120,23.97803460750778
DSNY,2025,all_shots,120,NA,FHD_cover_PAI,1,120,0.1914836217292315,0.19309272779418302,11217.18186565266,0.886769818713869,106.41237824566427,21.37622758330068
DSNY,2025,all_shots,120,NA,FHD_cover_PAI,2,120,0.1914836217292315,0.19309272779418302,9751.256696064618,0.8270809787335351,99.24971744802421,20.004695352550577
GRSM,2024,all_shots,4797,NA,FHD,0,4797,0.11818663339919977,0.11821127615011703,23006336,0.999998348457371,4796.992077550009,567.9403440882685
GRSM,2024,all_shots,4797,NA,FHD,1,4797,0.11818663339919977,0.11821127615011703,14702024.635624303,0.7994208795176682,3834.821959046254,454.2246970250007
GRSM,2024,all_shots,4797,NA,FHD,2,4797,0.11818663339919977,0.11821127615011703,10942338.35402648,0.6896853421122454,3308.4205861124415,392.0110909412368
GRSM,2024,all_shots,4797,NA,cover,0,4797,0.3274556870123507,0.3275239638445051,23006410,0.9999999565383868,4796.999791514641,1571.8048623285301
GRSM,2024,all_shots,4797,NA,cover,1,4797,0.3274556870123507,0.3275239638445051,17398788.05197152,0.8696446694204504,4171.6854792099,1367.0421345941254
GRSM,2024,all_shots,4797,NA,cover,2,4797,0.3274556870123507,0.3275239638445051,15196185.517291196,0.8127430773835274,3898.7285422087807,1277.660833263637
GRSM,2024,all_shots,4797,NA,PAI,0,4797,0.2178704597313767,0.2179158872667669,23006412,1,4797,1046.124595331414
GRSM,2024,all_shots,4797,NA,PAI,1,4797,0.2178704597313767,0.2179158872667669,16725326.772551754,0.8526497792687452,4090.1609911521705,892.1252555176668
GRSM,2024,all_shots,4797,NA,PAI,2,4797,0.2178704597313767,0.2179158872667669,14339548.656907165,0.7895058754086508,3787.259684335298,826.1320085482399
GRSM,2024,all_shots,4797,NA,FHD_cover_PAI,0,4797,0.25285514079991156,0.2529078628893194,23006412,1,4797,1213.9461104171758
GRSM,2024,all_shots,4797,NA,FHD_cover_PAI,1,4797,0.25285514079991156,0.2529078628893194,18704096.660106193,0.9016725742340634,4325.323338600802,1094.6802417870495
GRSM,2024,all_shots,4797,NA,FHD_cover_PAI,2,4797,0.25285514079991156,0.2529078628893194,16474084.30448313,0.846222217622863,4059.3279779368736,1027.4219474142485
GRSM,2025,all_shots,4939,NA,FHD,0,4939,0.12892017079516097,0.12894627856567437,24388754,0.9999994260235472,4938.997165130299,637.736358085414
GRSM,2025,all_shots,4939,NA,FHD,1,4939,0.12892017079516097,0.12894627856567437,16444557.581297068,0.8211559021436571,4055.6890006875224,523.8601186606911
GRSM,2025,all_shots,4939,NA,FHD,2,4939,0.12892017079516097,0.12894627856567437,12958191.198555928,0.72894286364357,3600.2488035355923,465.14469065688246
GRSM,2025,all_shots,4939,NA,cover,0,4939,0.30684257854333497,0.30690471758313714,24388780,0.9999999590016929,4938.999797509361,1516.4954332927816
GRSM,2025,all_shots,4939,NA,cover,1,4939,0.30684257854333497,0.30690471758313714,18438883.783039954,0.8695185603043274,4294.552169343073,1318.7514613301014
GRSM,2025,all_shots,4939,NA,cover,2,4939,0.30684257854333497,0.30690471758313714,16031006.962264402,0.8107661521611319,4004.3740255238304,1229.7124514436864
GRSM,2025,all_shots,4939,NA,PAI,0,4939,0.2060984099096275,0.2061401471331815,24388782,1,4939,1018.9200465436502
GRSM,2025,all_shots,4939,NA,PAI,1,4939,0.2060984099096275,0.2061401471331815,18219973.906937048,0.8643422083196346,4268.986166890675,880.8312609223639
GRSM,2025,all_shots,4939,NA,PAI,2,4939,0.2060984099096275,0.2061401471331815,15692407.660310134,0.8021592225331501,3961.864400091228,817.5339531363624
GRSM,2025,all_shots,4939,NA,FHD_cover_PAI,0,4939,0.24183680297923987,0.24188577762544872,24388782,1,4939,1195.4319699144658
GRSM,2025,all_shots,4939,NA,FHD_cover_PAI,1,4939,0.24183680297923987,0.24188577762544872,20135427.66432094,0.9086356976319637,4487.751710604269,1086.3035262571514
GRSM,2025,all_shots,4939,NA,FHD_cover_PAI,2,4939,0.24183680297923987,0.24188577762544872,17789979.29252138,0.8540831983532878,4218.316916666889,1021.1442770799649
GUAN,2024,all_shots,272,NA,FHD,0,272,0.210587027785108,0.21136410168837405,73370,0.9976817407775319,271.3694334914887,58.14688243070114
GUAN,2024,all_shots,272,NA,FHD,1,272,0.210587027785108,0.21136410168837405,55015.27342242822,0.8641686827354054,235.05388170403026,50.499298317404104
GUAN,2024,all_shots,272,NA,FHD,2,272,0.210587027785108,0.21136410168837405,46919.473125243276,0.7981970954260702,217.1096099558911,46.720467464195195
GUAN,2024,all_shots,272,NA,cover,0,272,0.29181370309010246,0.2928905064225383,73712,1,272,80.37332724050788
GUAN,2024,all_shots,272,NA,cover,1,272,0.29181370309010246,0.2928905064225383,46587.410276721654,0.7953740743557435,216.34174822476223,64.13148668245447
GUAN,2024,all_shots,272,NA,cover,2,272,0.29181370309010246,0.2928905064225383,38070.44214505793,0.7191806035726463,195.6171241717598,58.08375739239762
GUAN,2024,all_shots,272,NA,PAI,0,272,0.15546019715175644,0.15603385101578507,73712,1,272,43.28517362527775
GUAN,2024,all_shots,272,NA,PAI,1,272,0.15546019715175644,0.15603385101578507,36270.41107212111,0.7020168329083266,190.94857855106483,30.68490366739619
GUAN,2024,all_shots,272,NA,PAI,2,272,0.15546019715175644,0.15603385101578507,27755.023654817876,0.6143350758032552,167.09914061848542,26.977265344438816
GUAN,2024,all_shots,272,NA,FHD_cover_PAI,0,272,0.24725186974652155,0.24816423826957146,73712,1,272,68.25250857105387
GUAN,2024,all_shots,272,NA,FHD_cover_PAI,1,272,0.24725186974652155,0.24816423826957146,54649.34819159932,0.8612960851192688,234.27253515244112,58.924322346698766
GUAN,2024,all_shots,272,NA,FHD_cover_PAI,2,272,0.24725186974652155,0.24816423826957146,45253.80625519001,0.7839338525221659,213.2300078860291,53.721518135886235
GUAN,2025,all_shots,172,NA,FHD,0,172,0.18737535254850388,0.18847111484410914,29322,0.9984733040476828,171.73740829620144,33.1793574252671
GUAN,2025,all_shots,172,NA,FHD,1,172,0.18737535254850388,0.18847111484410914,21559.794748310396,0.8565894832659406,147.33339112174178,28.606646103602976
GUAN,2025,all_shots,172,NA,FHD,2,172,0.18737535254850388,0.18847111484410914,18104.668587449745,0.7852006919496566,135.05451901534093,26.305888113768127
GUAN,2025,all_shots,172,NA,cover,0,172,0.2827218868798453,0.2843752312475637,29412,1,172,49.62816454333339
GUAN,2025,all_shots,172,NA,cover,1,172,0.2827218868798453,0.2843752312475637,19599.483158907224,0.8168549243770556,140.49904699285358,40.722155670639616
GUAN,2025,all_shots,172,NA,cover,2,172,0.2827218868798453,0.2843752312475637,16021.601549668208,0.7388223998238963,127.07745276971016,36.927577226936876
GUAN,2025,all_shots,172,NA,PAI,0,172,0.14380813502398906,0.1446491182697434,29412,1,172,25.73499922412612
GUAN,2025,all_shots,172,NA,PAI,1,172,0.14380813502398906,0.1446491182697434,15295.529564375624,0.7219541133256492,124.17610749201167,18.857534432964595
GUAN,2025,all_shots,172,NA,PAI,2,172,0.14380813502398906,0.1446491182697434,11415.71759592931,0.6241019271735422,107.34553147384925,16.43716068441318
GUAN,2025,all_shots,172,NA,FHD_cover_PAI,0,172,0.23206541785491352,0.23342252556166743,29412,1,172,40.91525187104513
GUAN,2025,all_shots,172,NA,FHD_cover_PAI,1,172,0.23206541785491352,0.23342252556166743,22223.493505750117,0.8696296567019418,149.576300952734,35.711486781788516
GUAN,2025,all_shots,172,NA,FHD_cover_PAI,2,172,0.23206541785491352,0.23342252556166743,18485.791394022093,0.7933917590027432,136.46338254847183,32.66843189300603
HARV,2024,all_shots,790,NA,FHD,0,790,0.16362221471064248,0.16382959394348234,623290,0.999983966650551,789.9873336539353,130.25947712581214
HARV,2024,all_shots,790,NA,FHD,1,790,0.16362221471064248,0.16382959394348234,406875.9577801969,0.8080613770135598,638.3684878407123,105.45126578198119
HARV,2024,all_shots,790,NA,FHD,2,790,0.16362221471064248,0.16382959394348234,324843.15155924275,0.7220890507374288,570.4503500825688,94.33834966297124
HARV,2024,all_shots,790,NA,cover,0,790,0.2696624045187888,0.27000418196431325,623310,1,790,214.03329956984317
HARV,2024,all_shots,790,NA,cover,1,790,0.2696624045187888,0.27000418196431325,404172.95899810217,0.8053749149898023,636.2461828419438,172.57167553105953
HARV,2024,all_shots,790,NA,cover,2,790,0.2696624045187888,0.27000418196431325,329652.088586674,0.7274096006246167,574.6535844934472,155.96246735984394
HARV,2024,all_shots,790,NA,PAI,0,790,0.22678282711150796,0.22707025781760617,623310,1,790,180.15843341809128
HARV,2024,all_shots,790,NA,PAI,1,790,0.22678282711150796,0.22707025781760617,472720.74784806505,0.8709456806727831,688.0470877314987,157.03726374158902
HARV,2024,all_shots,790,NA,PAI,2,790,0.22678282711150796,0.22707025781760617,407154.89480986766,0.8083380989085572,638.5870981377602,145.82058747261524
HARV,2024,all_shots,790,NA,FHD_cover_PAI,0,790,0.239993747131989,0.2402979217164402,623310,1,790,190.59506023427133
HARV,2024,all_shots,790,NA,FHD_cover_PAI,1,790,0.239993747131989,0.2402979217164402,478019.44079669815,0.8758097226048538,691.8896808578345,167.0491971110277
HARV,2024,all_shots,790,NA,FHD_cover_PAI,2,790,0.239993747131989,0.2402979217164402,402474.02611056913,0.8036817764982263,634.9086034335987,153.37409482436738
HARV,2025,all_shots,417,NA,FHD,0,417,0.1311958558813946,0.13151123053495564,173472,1,417,55.708671902541546
HARV,2025,all_shots,417,NA,FHD,1,417,0.1311958558813946,0.13151123053495564,91435.79827391605,0.7263403880706985,302.88394182548126,40.737117980524545
HARV,2025,all_shots,417,NA,FHD,2,417,0.1311958558813946,0.13151123053495564,67385.96608255742,0.6237135528164056,260.08855152444113,35.12254012220125
HARV,2025,all_shots,417,NA,cover,0,417,0.2582702062879421,0.25889104812998043,173472,1,417,108.69867602207187
HARV,2025,all_shots,417,NA,cover,1,417,0.2582702062879421,0.25889104812998043,125167.87961222882,0.8496189013719352,354.291081872097,92.50283080108467
HARV,2025,all_shots,417,NA,cover,2,417,0.2582702062879421,0.25889104812998043,104104.75353022067,0.7749474098853739,323.1530699222009,84.46081003138862
HARV,2025,all_shots,417,NA,PAI,0,417,0.13153288295318025,0.13184906776797153,173472,1,417,55.84921219147616
HARV,2025,all_shots,417,NA,PAI,1,417,0.13153288295318025,0.13184906776797153,101152.50232591401,0.7638973737328472,318.54520484659724,42.8991691443843
HARV,2025,all_shots,417,NA,PAI,2,417,0.13153288295318025,0.13184906776797153,73799.71195453423,0.6526654295454822,272.16148412046607,36.79818463518109
HARV,2025,all_shots,417,NA,FHD_cover_PAI,0,417,0.20412568794353944,0.2046163746934037,173472,1,417,86.12041187245595
HARV,2025,all_shots,417,NA,FHD_cover_PAI,1,417,0.20412568794353944,0.2046163746934037,131037.5121728873,0.869283894758184,362.4913841141627,74.99380315590926
HARV,2025,all_shots,417,NA,FHD_cover_PAI,2,417,0.20412568794353944,0.2046163746934037,110563.00190033406,0.7985864004957505,333.01052900672795,68.97600332594034
JORN,2024,all_shots,715,NA,FHD,0,715,0.07703141812737412,0.07713930526760854,508704,0.9982308523495369,713.7350594299189,55.980023795112295
JORN,2024,all_shots,715,NA,FHD,1,715,0.07703141812737412,0.07713930526760854,339071.82265452977,0.8151034331586429,582.7989547084296,45.89382996434161
JORN,2024,all_shots,715,NA,FHD,2,715,0.07703141812737412,0.07713930526760854,276214.6982719932,0.7357504268102364,526.061555169319,41.5232676169845
JORN,2024,all_shots,715,NA,cover,0,715,0.014038760963263314,0.014058423093463963,510510,1,715,11.037714088733269
JORN,2024,all_shots,715,NA,cover,1,715,0.014038760963263314,0.014058423093463963,378750.4193926707,0.861436678459703,615.9272250986876,9.646855083926551
JORN,2024,all_shots,715,NA,cover,2,715,0.014038760963263314,0.014058423093463963,321728.10245818336,0.7940014404417286,567.711029915836,8.96995944519645
JORN,2024,all_shots,715,NA,PAI,0,715,0.0035737505942366812,0.003578755847169786,510510,1,715,3.555231674879227
JORN,2024,all_shots,715,NA,PAI,1,715,0.0035737505942366812,0.003578755847169786,378011.39735312096,0.8605965288045365,615.3265180952436,3.199023509692465
JORN,2024,all_shots,715,NA,PAI,2,715,0.0035737505942366812,0.003578755847169786,320591.62167979527,0.7925990613542191,566.7083288682667,3.0252742270518445
JORN,2024,all_shots,715,NA,FHD_cover_PAI,0,715,0.04662769784570007,0.04669300274464363,510510,1,715,34.33880395967555
JORN,2024,all_shots,715,NA,FHD_cover_PAI,1,715,0.04662769784570007,0.04669300274464363,362077.1340231622,0.8422778505209454,602.228663122476,29.080536138094704
JORN,2024,all_shots,715,NA,FHD_cover_PAI,2,715,0.04662769784570007,0.04669300274464363,294663.99308592046,0.7599018842920946,543.3298472688476,26.334219949002193
JORN,2025,all_shots,104,NA,FHD,0,104,0.03653930804426266,0.03689405860779919,10712,1,104,4.8000880366033165
JORN,2025,all_shots,104,NA,FHD,1,104,0.03653930804426266,0.03689405860779919,7204.720590308636,0.8209817132051983,85.38209817334062,4.11980278662117
JORN,2025,all_shots,104,NA,FHD,2,104,0.03653930804426266,0.03689405860779919,5170.748416623903,0.6962466783067887,72.40965454390602,3.6457986727584255
JORN,2025,all_shots,104,NA,cover,0,104,0.017307127299030778,0.01747515766115729,10712,1,104,2.799941239099201
JORN,2025,all_shots,104,NA,cover,1,104,0.017307127299030778,0.01747515766115729,7964.724158876805,0.8629490760618723,89.74670391043472,2.5532576292463167
JORN,2025,all_shots,104,NA,cover,2,104,0.017307127299030778,0.01747515766115729,6629.9352220655865,0.7877495126570219,81.925949316330275,2.4179028339116715
JORN,2025,all_shots,104,NA,PAI,0,104,0.004473232213738448,0.004516661652706783,10712,1,104,1.4652161502287986
JORN,2025,all_shots,104,NA,PAI,1,104,0.004473232213738448,0.004516661652706783,7938.482320210902,0.8615342700520634,89.5995640854146,1.400799656403799
JORN,2025,all_shots,104,NA,PAI,2,104,0.004473232213738448,0.004516661652706783,6587.25482104931,0.785225433686342,81.66344510337957,1.3652995533212988
JORN,2025,all_shots,104,NA,FHD_cover_PAI,0,104,0.02558898191421855,0.02583741863183232,10712,1,104,3.661254119078729
JORN,2025,all_shots,104,NA,FHD_cover_PAI,1,104,0.02558898191421855,0.02583741863183232,8343.951423915678,0.883140389476186,91.84660050552334,3.350260999218293
JORN,2025,all_shots,104,NA,FHD_cover_PAI,2,104,0.02558898191421855,0.02583741863183232,6410.693877026386,0.7746958655388998,80.56837001604558,3.061662563198658
KONA,2024,all_shots,746,NA,FHD,0,746,0.16651407626158485,0.16673758508878161,553790,0.9982182939937673,744.6708473193504,124.99817826031332
KONA,2024,all_shots,746,NA,FHD,1,746,0.16651407626158485,0.16673758508878161,399395.85070928634,0.8478256399341704,632.4779273908911,106.31647783533596
KONA,2024,all_shots,746,NA,FHD,2,746,0.16651407626158485,0.16673758508878161,334645.2119444785,0.7761199595583631,578.9854898305389,97.4092340079934
KONA,2024,all_shots,746,NA,cover,0,746,0.08452326671686092,0.0846367207661453,555770,1,746,64.05435697077824
KONA,2024,all_shots,746,NA,cover,1,746,0.08452326671686092,0.0846367207661453,259999.6809752743,0.6841848306634877,510.4018836749618,44.14083454664702
KONA,2024,all_shots,746,NA,cover,2,746,0.08452326671686092,0.0846367207661453,166410.06567080735,0.5474989344179337,408.43420507577855,35.5221932519091
KONA,2024,all_shots,746,NA,PAI,0,746,0.02803701378131019,0.028074647356855574,555770,1,746,21.915612280857403
KONA,2024,all_shots,746,NA,PAI,1,746,0.02803701378131019,0.028074647356855574,193233.18875138674,0.5899239353455271,440.0832557677632,13.338620306884634
KONA,2024,all_shots,746,NA,PAI,2,746,0.02803701378131019,0.028074647356855574,87358.43195010662,0.3968700020465782,296.06502152674733,9.300779088709312
KONA,2024,all_shots,746,NA,FHD_cover_PAI,0,746,0.11823786115720569,0.11839656969567175,555770,1,746,89.20544442327545
KONA,2024,all_shots,746,NA,FHD_cover_PAI,1,746,0.11823786115720569,0.11839656969567175,393057.76736664696,0.8410769336110878,627.4433924738715,75.18756472333175
KONA,2024,all_shots,746,NA,FHD_cover_PAI,2,746,0.11823786115720569,0.11839656969567175,311168.37783833896,0.748424809475007,558.3249078683552,67.01514293714824
KONA,2025,all_shots,1476,NA,FHD,0,1476,0.22421698238402946,0.22436899389751014,2170780,0.9985479651560536,1473.856796570335,331.4637233931929
KONA,2025,all_shots,1476,NA,FHD,1,1476,0.22421698238402946,0.22436899389751014,1620569.227400393,0.8628156492749229,1273.5158983297863,286.54389174159115
KONA,2025,all_shots,1476,NA,FHD,2,1476,0.22421698238402946,0.22436899389751014,1402700.3997440303,0.8027484008071234,1184.8566395913142,266.66498028684606
KONA,2025,all_shots,1476,NA,cover,0,1476,0.19398628542507565,0.19411780155078756,2177100,1,1476,287.32375728741164
KONA,2025,all_shots,1476,NA,cover,1,1476,0.19398628542507565,0.19411780155078756,1261172.0614819247,0.7611919266018434,1123.519283664321,218.9473324414835
KONA,2025,all_shots,1476,NA,cover,2,1476,0.19398628542507565,0.19411780155078756,996723.6128098954,0.6767348154257367,998.8605875683872,194.76525503989993
KONA,2025,all_shots,1476,NA,PAI,0,1476,0.07442136955022297,0.07447182471601972,2177100,1,1476,110.8459414561291
KONA,2025,all_shots,1476,NA,PAI,1,1476,0.07442136955022297,0.07447182471601972,1044843.2250081457,0.6928698192885825,1022.6758532699478,77.10893760629239
KONA,2025,all_shots,1476,NA,PAI,2,1476,0.07442136955022297,0.07447182471601972,738099.66652856,0.5824033982185206,859.6274157705363,64.97464958456226
KONA,2025,all_shots,1476,NA,FHD_cover_PAI,0,1476,0.19182242424711363,0.19195247334829812,2177100,1,1476,284.12989818873973
KONA,2025,all_shots,1476,NA,FHD_cover_PAI,1,1476,0.19182242424711363,0.19195247334829812,1611467.61862281,0.8603902733969002,1269.9360435338247,244.60221050944628
KONA,2025,all_shots,1476,NA,FHD_cover_PAI,2,1476,0.19182242424711363,0.19195247334829812,1361153.7878807182,0.7907757884204544,1167.1850637085906,224.89226846560362
KONZ,2024,all_shots,332,NA,FHD,0,332,0.19388253131182037,0.194468279140557,109242,0.9970426319670774,331.0181538130697,65.17863757144346
KONZ,2024,all_shots,332,NA,FHD,1,332,0.19388253131182037,0.194468279140557,82577.04902790372,0.8670562083077331,287.8626611581674,56.811541415502326
KONZ,2024,all_shots,332,NA,FHD,2,332,0.19388253131182037,0.194468279140557,70757.38105905378,0.8027200779602667,266.5030658828085,52.67028901571975
KONZ,2024,all_shots,332,NA,cover,0,332,0.08607054422154463,0.08633057607719884,109892,1,332,29.575420681552817
KONZ,2024,all_shots,332,NA,cover,1,332,0.08607054422154463,0.08633057607719884,57774.66959756795,0.725494396334914,240.86413958319145,21.731307577379376
KONZ,2024,all_shots,332,NA,cover,2,332,0.08607054422154463,0.08633057607719884,39702.59433835546,0.6016738734529224,199.75572598637024,18.19308404701663
KONZ,2024,all_shots,332,NA,PAI,0,332,0.026096634470722427,0.026175476266706483,109892,1,332,9.664082644279846
KONZ,2024,all_shots,332,NA,PAI,1,332,0.026096634470722427,0.026175476266706483,50658.170746206095,0.6794405303362913,225.5742560716487,6.8867289067069555
KONZ,2024,all_shots,332,NA,PAI,2,332,0.026096634470722427,0.026175476266706483,31380.873288726692,0.5350818666773173,177.64717973686933,5.635993514347807
KONZ,2024,all_shots,332,NA,FHD_cover_PAI,0,332,0.131788038409443,0.13218618958288542,109892,1,332,44.753628751935075
KONZ,2024,all_shots,332,NA,FHD_cover_PAI,1,332,0.131788038409443,0.13218618958288542,83580.91442227045,0.8723014215580219,289.6040719572633,39.166352558634905
KONZ,2024,all_shots,332,NA,FHD_cover_PAI,2,332,0.131788038409443,0.13218618958288542,70453.89667203104,0.8010000002725214,265.9320000904771,36.0466566422238
KONZ,2025,all_shots,1312,NA,FHD,0,1312,0.190212828103981,0.1903579179804905,1709730,0.9970019340731126,1308.0665375039237,249.81103544680343
KONZ,2025,all_shots,1312,NA,FHD,1,1312,0.190212828103981,0.1903579179804905,1270603.8536039775,0.8595356423211888,1127.7107627253997,215.50505346129574
KONZ,2025,all_shots,1312,NA,FHD,2,1312,0.190212828103981,0.1903579179804905,1073953.860230836,0.7902572958033658,1036.817572094016,198.21600261590598
KONZ,2025,all_shots,1312,NA,cover,0,1312,0.14994387145915491,0.15005824512159516,1720032,1,1312,197.72635935441124
KONZ,2025,all_shots,1312,NA,cover,1,1312,0.14994387145915491,0.15005824512159516,781659.8246663973,0.6742495574029407,884.6154193126581,133.64266072420364
KONZ,2025,all_shots,1312,NA,cover,2,1312,0.14994387145915491,0.15005824512159516,569522.7006014178,0.5755849418549782,755.1674437137314,114.23273011035035
KONZ,2025,all_shots,1312,NA,PAI,0,1312,0.058335621427384056,0.05838011846889999,1720032,1,1312,77.53633531272789
KONZ,2025,all_shots,1312,NA,PAI,1,1312,0.058335621427384056,0.05838011846889999,612143.2152554326,0.5967194948739116,782.895977274572,46.6707233473113
KONZ,2025,all_shots,1312,NA,PAI,2,1312,0.058335621427384056,0.05838011846889999,408208.13414780324,0.4873566121212915,639.4118751031344,38.300489082190225
KONZ,2025,all_shots,1312,NA,FHD_cover_PAI,0,1312,0.15836127546144554,0.15848206972190432,1720032,1,1312,208.76999340541656
KONZ,2025,all_shots,1312,NA,FHD_cover_PAI,1,1312,0.15836127546144554,0.15848206972190432,1177364.6726785104,0.8274119501380462,1085.5644785811166,172.91137542374472
KONZ,2025,all_shots,1312,NA,FHD_cover_PAI,2,1312,0.15836127546144554,0.15848206972190432,923091.089887811,0.7326802023990013,961.2764255474897,153.22896082071975
LENO,2025,all_shots,479,NA,FHD,0,479,0.1819216509886764,0.18230224021668617,228962,1,479,88.140470823576
LENO,2025,all_shots,479,NA,FHD,1,479,0.1819216509886764,0.18230224021668617,160705.96243141315,0.8379578154266152,401.38179358934866,74.02003856657043
LENO,2025,all_shots,479,NA,FHD,2,479,0.1819216509886764,0.18230224021668617,132954.83654194264,0.7622757162247578,365.13006807165897,67.425064809204
LENO,2025,all_shots,479,NA,cover,0,479,0.18003821294257788,0.1804148619236293,228962,1,479,87.2383039994948
LENO,2025,all_shots,479,NA,cover,1,479,0.18003821294257788,0.1804148619236293,163316.93798562832,0.8447290464542208,404.6252132515717,73.84800030532246
LENO,2025,all_shots,479,NA,cover,2,479,0.18003821294257788,0.1804148619236293,133062.29903808766,0.7625832913483981,365.27739655588266,66.76388970423847
LENO,2025,all_shots,479,NA,PAI,0,479,0.07386103683561929,0.07401555783318334,228962,1,479,36.37943664426164
LENO,2025,all_shots,479,NA,PAI,1,479,0.07386103683561929,0.07401555783318334,140485.4690457754,0.7835370481315166,375.31424605499643,28.72109935280077
LENO,2025,all_shots,479,NA,PAI,2,479,0.07386103683561929,0.07401555783318334,96997.25698646321,0.6512405589357079,311.9442277302041,24.040524095039416
LENO,2025,all_shots,479,NA,FHD_cover_PAI,0,479,0.170810597635576,0.17116794198209392,228962,1,479,82.8182762674409
LENO,2025,all_shots,479,NA,FHD_cover_PAI,1,479,0.170810597635576,0.17116794198209392,184967.59620112053,0.8989120745217338,430.5788836959105,74.54743645335765
LENO,2025,all_shots,479,NA,FHD_cover_PAI,2,479,0.170810597635576,0.17116794198209392,159501.5331947385,0.8348157482932921,399.87674343248693,69.30318552627098
MLBS,2024,all_shots,450,NA,FHD,0,450,0.09710492754399144,0.09732119687037004,202050,1,450,44.69721739479615
MLBS,2024,all_shots,450,NA,FHD,1,450,0.09710492754399144,0.09732119687037004,125776.95862440122,0.789224058535703,355.15082634106636,35.48689525903794
MLBS,2024,all_shots,450,NA,FHD,2,450,0.09710492754399144,0.09732119687037004,90943.91694360848,0.6712655688687146,302.0695059909216,30.33243749249773
MLBS,2024,all_shots,450,NA,cover,0,450,0.23921711563022682,0.23974989317060597,202050,1,450,108.64770203360207
MLBS,2024,all_shots,450,NA,cover,1,450,0.23921711563022682,0.23974989317060597,153266.17848886157,0.8710945889983911,391.992565049276,94.77133075958186
MLBS,2024,all_shots,450,NA,cover,2,450,0.23921711563022682,0.23974989317060597,130960.42004721469,0.8052997446156207,362.3848850770293,87.68866695611818
MLBS,2024,all_shots,450,NA,PAI,0,450,0.1315682426472987,0.13186126768660225,202050,1,450,60.20570919128441
MLBS,2024,all_shots,450,NA,PAI,1,450,0.1315682426472987,0.13186126768660225,136224.5344776599,0.8213031526933638,369.5864187120137,49.62583561624835
MLBS,2024,all_shots,450,NA,PAI,2,450,0.1315682426472987,0.13186126768660225,106168.39702356268,0.7251895702101053,326.3353065945474,43.93536280241202
MLBS,2024,all_shots,450,NA,FHD_cover_PAI,0,450,0.17910663680355837,0.17950553799911198,202050,1,450,81.59798656160127
MLBS,2024,all_shots,450,NA,FHD_cover_PAI,1,450,0.17910663680355837,0.17950553799911198,160080.0758082119,0.8902230992475663,400.60039466140483,72.75018938998238
MLBS,2024,all_shots,450,NA,FHD_cover_PAI,2,450,0.17910663680355837,0.17950553799911198,136761.13567176298,0.8229169686680399,370.3126359006179,67.32545078202033
MOAB,2024,all_shots,1096,NA,FHD,0,1096,0.1406155550946824,0.14074397112673234,1195564,0.9981009187397868,1093.9186069388063,154.82197214310193
MOAB,2024,all_shots,1096,NA,FHD,1,1096,0.1406155550946824,0.14074397112673234,829730.7544119211,0.8315654337981104,911.395715442729,129.15641443789457
MOAB,2024,all_shots,1096,NA,FHD,2,1096,0.1406155550946824,0.14074397112673234,671130.2996314514,0.7479247985489869,819.7255792096896,116.26616734588056
MOAB,2024,all_shots,1096,NA,cover,0,1096,0.08788401066146087,0.08796427003192796,1200118,0.9999991671299505,1095.9990871744258,97.32079546218861
MOAB,2024,all_shots,1096,NA,cover,1,1096,0.08788401066146087,0.08796427003192796,455551.90045461396,0.6162828788472668,675.4460352166045,60.36090656021754
MOAB,2024,all_shots,1096,NA,cover,2,1096,0.08788401066146087,0.08796427003192796,269609.0660477949,0.47421457150658947,519.739170371222,46.6767627900833
MOAB,2024,all_shots,1096,NA,PAI,0,1096,0.03343328349222417,0.0334638161712125,1200120,1,1096,37.64287870747769
MOAB,2024,all_shots,1096,NA,PAI,1,1096,0.03343328349222417,0.0334638161712125,300300.1199725505,0.5004531824098085,548.4966879211502,19.338045261813825
MOAB,2024,all_shots,1096,NA,PAI,2,1096,0.03343328349222417,0.0334638161712125,149023.67979394738,0.35267899342544123,386.53617679428356,13.923173578763764
MOAB,2024,all_shots,1096,NA,FHD_cover_PAI,0,1096,0.10814670673195562,0.10824547084769255,1200120,1,1096,119.52879057822335
MOAB,2024,all_shots,1096,NA,FHD_cover_PAI,1,1096,0.10814670673195562,0.10824547084769255,761735.9295135206,0.7967837480889991,873.274987905543,95.44181401337285
MOAB,2024,all_shots,1096,NA,FHD_cover_PAI,2,1096,0.10814670673195562,0.10824547084769255,534783.5961900055,0.6676908460639648,731.7891672861055,80.14058846411245
MOAB,2025,all_shots,907,NA,FHD,0,907,0.11335895460619715,0.11348407486514438,818880,0.9982580199454543,905.420024090527,103.63746741041997
MOAB,2025,all_shots,907,NA,FHD,1,907,0.11335895460619715,0.11348407486514438,574926.917491341,0.8365375066706364,758.7395185502672,87.00991864126762
MOAB,2025,all_shots,907,NA,FHD,2,907,0.11335895460619715,0.11348407486514438,469319.0856284989,0.7558642278527385,685.5688546624339,78.7153686751014
MOAB,2025,all_shots,907,NA,cover,0,907,0.04682776274837911,0.04687944902072831,821742,1,907,43.47278081277985
MOAB,2025,all_shots,907,NA,cover,1,907,0.04682776274837911,0.04687944902072831,449448.1607817806,0.739701363679518,670.9091368573228,32.41717388647452
MOAB,2025,all_shots,907,NA,cover,2,907,0.04682776274837911,0.04687944902072831,275065.12861368625,0.5787946598046885,524.9667564428524,25.583018721492014
MOAB,2025,all_shots,907,NA,PAI,0,907,0.013061001841815863,0.01307541795863906,821742,1,907,12.846328670526988
MOAB,2025,all_shots,907,NA,PAI,1,907,0.013061001841815863,0.01307541795863906,406607.8788019343,0.7035924108677781,638.1583166570748,9.334986949228165
MOAB,2025,all_shots,907,NA,PAI,2,907,0.013061001841815863,0.01307541795863906,217047.92998957867,0.5142054012459615,466.384298930087,7.091446187319867
MOAB,2025,all_shots,907,NA,FHD_cover_PAI,0,907,0.0764710158681404,0.07655542096291759,821742,1,907,70.35921139240334
MOAB,2025,all_shots,907,NA,FHD_cover_PAI,1,907,0.0764710158681404,0.07655542096291759,605863.0089282615,0.8587344932206274,778.8721853511091,60.561147245237855
MOAB,2025,all_shots,907,NA,FHD_cover_PAI,2,907,0.0764710158681404,0.07655542096291759,485448.2588722873,0.7687335722734318,697.2413500520026,54.31875434375033
NIWO,2024,all_shots,353,NA,FHD,0,353,0.17270126489953724,0.17319189349300185,124226,0.999879445438319,352.9574442397266,61.95619707590867
NIWO,2024,all_shots,353,NA,FHD,1,353,0.17270126489953724,0.17319189349300185,91675.36688636539,0.8591496199726326,303.27981585033933,53.376807815852324
NIWO,2024,all_shots,353,NA,FHD,2,353,0.17270126489953724,0.17319189349300185,77470.39190625752,0.7899022222493662,278.8354844540263,49.15524086408559
NIWO,2024,all_shots,353,NA,cover,0,353,0.17863921347321263,0.17914671123876152,124256,1,353,64.05964235604407
NIWO,2024,all_shots,353,NA,cover,1,353,0.17863921347321263,0.17914671123876152,88349.38076730171,0.8434466227924464,297.7366578457336,54.18744237970487
NIWO,2024,all_shots,353,NA,cover,2,353,0.17863921347321263,0.17914671123876152,71979.39936655585,0.7614454205482765,268.7902334535416,49.01647589342188
NIWO,2024,all_shots,353,NA,PAI,0,353,0.06440101881858613,0.06458397625841167,124256,1,353,23.733559642960905
NIWO,2024,all_shots,353,NA,PAI,1,353,0.06440101881858613,0.06458397625841167,74123.62621197054,0.7726827307997041,272.75700397229554,18.565828945720977
NIWO,2024,all_shots,353,NA,PAI,2,353,0.06440101881858613,0.06458397625841167,46565.04393130167,0.6127193487169339,216.28993009707767,14.92929185845258
NIWO,2024,all_shots,353,NA,FHD_cover_PAI,0,353,0.15930355585695435,0.15975612277700252,124256,1,353,57.234155217504885
NIWO,2024,all_shots,353,NA,FHD_cover_PAI,1,353,0.15930355585695435,0.15975612277700252,98231.11441787056,0.8892884766691932,313.9188322642252,51.00838623015389
NIWO,2024,all_shots,353,NA,FHD_cover_PAI,2,353,0.15930355585695435,0.15975612277700252,82986.51050961606,0.8174907292645609,288.57422743039,46.970900558334584
NIWO,2025,all_shots,550,NA,FHD,0,550,0.16504190577528516,0.1653425285544751,301840,0.9998179998014197,549.8998998907808,91.756527463613
NIWO,2025,all_shots,550,NA,FHD,1,550,0.16504190577528516,0.1653425285544751,219524.96869707067,0.8527912437356223,469.03518405459226,78.41046065203155
NIWO,2025,all_shots,550,NA,FHD,2,550,0.16504190577528516,0.1653425285544751,183145.85362549397,0.779010411353714,428.4557262445427,71.71314959973319
NIWO,2025,all_shots,550,NA,cover,0,550,0.18409520921207834,0.18443053746200924,301950,1,550,102.25236506664308
NIWO,2025,all_shots,550,NA,cover,1,550,0.18409520921207834,0.18443053746200924,204119.2698551013,0.8223561508272993,452.29588295501463,84.26550519836512
NIWO,2025,all_shots,550,NA,cover,2,550,0.18409520921207834,0.18443053746200924,157454.59852751665,0.7223741946796979,397.3058070738338,74.14209567443108
NIWO,2025,all_shots,550,NA,PAI,0,550,0.07371049967995105,0.07384476288519687,301950,1,550,41.54077482397308
NIWO,2025,all_shots,550,NA,PAI,1,550,0.07371049967995105,0.07384476288519687,152716.53177957187,0.7114362651867637,391.28994585272005,29.842177428544986
NIWO,2025,all_shots,550,NA,PAI,2,550,0.07371049967995105,0.07384476288519687,90069.61814541263,0.5465753169417904,300.6164243179847,23.15858684847884
NIWO,2025,all_shots,550,NA,FHD_cover_PAI,0,550,0.1624245363947455,0.16272039165229513,301950,1,550,90.33349501711002
NIWO,2025,all_shots,550,NA,FHD_cover_PAI,1,550,0.1624245363947455,0.16272039165229513,229520.01014700427,0.871968596134187,479.58272787380287,78.89600223782982
NIWO,2025,all_shots,550,NA,FHD_cover_PAI,2,550,0.1624245363947455,0.16272039165229513,186534.07546439543,0.7861749046495125,432.39619755723186,71.23175192708418
NOGP,2025,all_shots,127,NA,FHD,0,127,0.11502525765164832,0.1159381565218995,15930,0.9977566471219784,126.71509418449126,15.575436356923992
NOGP,2025,all_shots,127,NA,FHD,1,127,0.11502525765164832,0.1159381565218995,11933.555412294765,0.8641099063991357,109.74195811269023,13.62309700710859
NOGP,2025,all_shots,127,NA,FHD,2,127,0.11502525765164832,0.1159381565218995,10201.39930626054,0.7992379081596859,101.50321433628011,12.675433381501103
NOGP,2025,all_shots,127,NA,cover,0,127,0.030452396735048497,0.0306940824234219,16002,1,127,4.867454385351159
NOGP,2025,all_shots,127,NA,cover,1,127,0.030452396735048497,0.0306940824234219,10103.834690373733,0.7954257972527277,101.01907625109641,4.076272987806504
NOGP,2025,all_shots,127,NA,cover,2,127,0.030452396735048497,0.0306940824234219,7219.900860576433,0.6730037075805817,85.47147086273388,3.60281114024011
NOGP,2025,all_shots,127,NA,PAI,0,127,0.007996243430307554,0.008059705679754439,16002,1,127,2.0155229156490595
NOGP,2025,all_shots,127,NA,PAI,1,127,0.007996243430307554,0.008059705679754439,9846.698474581215,0.7852896980518177,99.73179165258085,1.7974796837947513
NOGP,2025,all_shots,127,NA,PAI,2,127,0.007996243430307554,0.008059705679754439,6807.650476052577,0.6536220651876399,83.01000227883027,1.6637681853719117
NOGP,2025,all_shots,127,NA,FHD_cover_PAI,0,127,0.07133880526925186,0.07190498626345228,16002,1,127,10.060028269194987
NOGP,2025,all_shots,127,NA,FHD_cover_PAI,1,127,0.07133880526925186,0.07190498626345228,12457.708429399634,0.8827970464539435,112.11522489965083,8.998166196834568
NOGP,2025,all_shots,127,NA,FHD_cover_PAI,2,127,0.07133880526925186,0.07190498626345228,10641.007494942067,0.8161926844962087,103.6564709310185,8.394728794645795
OAES,2024,all_shots,351,NA,FHD,0,351,0.09988183970613845,0.10016721639101314,122200,0.9973547676346655,350.0715234397676,35.965787789894556
OAES,2024,all_shots,351,NA,FHD,1,351,0.09988183970613845,0.10016721639101314,80815.83351743255,0.8113438674409482,284.7816974717728,29.444519858117626
OAES,2024,all_shots,351,NA,FHD,2,351,0.09988183970613845,0.10016721639101314,64499.19747357861,0.7249783880237791,254.46741419634648,26.41667347519502
OAES,2024,all_shots,351,NA,cover,0,351,0.04454868544010069,0.04467596739850098,122850,1,351,16.636588589475345
OAES,2024,all_shots,351,NA,cover,1,351,0.04454868544010069,0.04467596739850098,51075.03837650669,0.6452946598468848,226.49842560625657,11.090207115011172
OAES,2024,all_shots,351,NA,cover,2,351,0.04454868544010069,0.04467596739850098,28653.663786843612,0.48368851753590064,169.77466965510112,8.563238354162108
OAES,2024,all_shots,351,NA,PAI,0,351,0.012832126720596197,0.0128687899397979,122850,1,351,5.504076478929265
OAES,2024,all_shots,351,NA,PAI,1,351,0.012832126720596197,0.0128687899397979,44743.17376728728,0.6040638571968939,212.02641387610976,3.720749810971816
OAES,2024,all_shots,351,NA,PAI,2,351,0.012832126720596197,0.0128687899397979,23409.00531628341,0.43732431442924274,153.5008343646642,2.9697421582846184
OAES,2024,all_shots,351,NA,FHD_cover_PAI,0,351,0.06838466536393183,0.06858005012211449,122850,1,351,25.00301754274007
OAES,2024,all_shots,351,NA,FHD_cover_PAI,1,351,0.06838466536393183,0.06858005012211449,81183.66390711103,0.8131849288256384,285.4279100177991,20.518892112093635
OAES,2024,all_shots,351,NA,FHD_cover_PAI,2,351,0.06838466536393183,0.06858005012211449,60741.20809129874,0.7035835388448328,246.95782213453631,17.888128025675663
ONAQ,2024,all_shots,50,NA,FHD,0,50,0.10387119725942787,0.10599101761166109,2420,0.9939207285142437,49.69603642571219,6.161986802586863
ONAQ,2024,all_shots,50,NA,FHD,1,50,0.10387119725942787,0.10599101761166109,1884.0396320876737,0.8781681017147943,43.908405085739716,5.560818606007736
ONAQ,2024,all_shots,50,NA,FHD,2,50,0.10387119725942787,0.10599101761166109,1644.8333317838583,0.8211925373877297,41.059626869386484,5.264912601948549
ONAQ,2024,all_shots,50,NA,cover,0,50,0.0028291878446711737,0.0028869263721134427,2450,1,50,1.1414593922335587
ONAQ,2024,all_shots,50,NA,cover,1,50,0.0028291878446711737,0.0028869263721134427,1625.309619251958,0.8163645873305593,40.818229366527966,1.1154824383647808
ONAQ,2024,all_shots,50,NA,cover,2,50,0.0028291878446711737,0.0028869263721134427,1237.301518608887,0.7135770088935217,35.67885044467609,1.1009421699899182
ONAQ,2024,all_shots,50,NA,PAI,0,50,7.103778714188805e-4,7.248753789988576e-4,2450,1,50,1.035518893570944
ONAQ,2024,all_shots,50,NA,PAI,1,50,7.103778714188805e-4,7.248753789988576e-4,1623.001174818589,0.8157918279105563,40.789591395527815,1.028976023111601
ONAQ,2024,all_shots,50,NA,PAI,2,50,7.103778714188805e-4,7.248753789988576e-4,1234.153496027643,0.7126815768262729,35.634078841313645,1.0253136610772648
ONAQ,2024,all_shots,50,NA,FHD_cover_PAI,0,50,0.06010872625321553,0.06133543495226075,2450,1,50,4.005436312660777
ONAQ,2024,all_shots,50,NA,FHD_cover_PAI,1,50,0.06010872625321553,0.06133543495226075,1893.5976794137864,0.8803672051298317,44.01836025649158,3.645887566772875
ONAQ,2024,all_shots,50,NA,FHD_cover_PAI,2,50,0.06010872625321553,0.06133543495226075,1650.7175880139528,0.8226420092547402,41.13210046273701,3.472398166934419
ONAQ,2025,all_shots,2483,NA,FHD,0,2483,0.13691740944561404,0.1369725735912408,6124974,0.9969265130333645,2475.368531861844,339.92104680571657
ONAQ,2025,all_shots,2483,NA,FHD,1,2483,0.13691740944561404,0.1369725735912408,4381180.32920676,0.8431844486205514,2093.626985924829,287.65398325825663
ONAQ,2025,all_shots,2483,NA,FHD,2,2483,0.13691740944561404,0.1369725735912408,3690039.0815683655,0.7738411231578314,1921.4475088008953,264.07961529074726
ONAQ,2025,all_shots,2483,NA,cover,0,2483,0.05238959421617293,0.05241070203011981,6162806,1,2483,131.08336243875738
ONAQ,2025,all_shots,2483,NA,cover,1,2483,0.05238959421617293,0.05241070203011981,2927693.4834480346,0.6893074815113488,1711.5504765926792,90.66743494918785
ONAQ,2025,all_shots,2483,NA,cover,2,2483,0.05238959421617293,0.05241070203011981,1801554.7724736931,0.5407652775074195,1342.7201840509229,71.34456558829288
ONAQ,2025,all_shots,2483,NA,PAI,0,2483,0.015392748853427438,0.01539895060558434,6162806,1,2483,39.22019540306033
ONAQ,2025,all_shots,2483,NA,PAI,1,2483,0.015392748853427438,0.01539895060558434,2402199.6786487037,0.6244072492014627,1550.4031997672319,24.86496707556729
ONAQ,2025,all_shots,2483,NA,PAI,2,2483,0.015392748853427438,0.01539895060558434,948402.6957611744,0.3924123311847616,974.359818331763,15.99807597645201
ONAQ,2025,all_shots,2483,NA,FHD_cover_PAI,0,2483,0.09068246775353174,0.09071900380016894,6162806,1,2483,226.1645674320193
ONAQ,2025,all_shots,2483,NA,FHD_cover_PAI,1,2483,0.09068246775353174,0.09071900380016894,4442540.318280472,0.849067061833176,2108.233514531776,192.17981769844266
ONAQ,2025,all_shots,2483,NA,FHD_cover_PAI,2,2483,0.09068246775353174,0.09071900380016894,3599561.6691629873,0.7642976835085427,1897.7511481517115,173.09275729649542
ORNL,2024,all_shots,1682,NA,FHD,0,1682,0.20294852114915296,0.20306925197672532,2827412,0.9999946964148253,1681.991079369736,342.3576021441555
ORNL,2024,all_shots,1682,NA,FHD,1,1682,0.20294852114915296,0.20306925197672532,1837963.9315014647,0.8063111630720395,1356.2153762871706,276.24190497722327
ORNL,2024,all_shots,1682,NA,FHD,2,1682,0.20294852114915296,0.20306925197672532,1515084.0654815412,0.7320972728036116,1231.3876128556747,250.90829499044486
ORNL,2024,all_shots,1682,NA,cover,0,1682,0.2948868301127379,0.295062253569081,2827442,1,1682,496.9996482496252
ORNL,2024,all_shots,1682,NA,cover,1,1682,0.2948868301127379,0.295062253569081,2098792.89898275,0.8616059522085808,1449.221211614833,428.3562492252395
ORNL,2024,all_shots,1682,NA,cover,2,1682,0.2948868301127379,0.295062253569081,1790101.9645425763,0.795747333441564,1338.4470148487108,395.69039748259297
ORNL,2024,all_shots,1682,NA,PAI,0,1682,0.15406352768761483,0.15415517761485317,2827442,1,1682,260.13485357056817
ORNL,2024,all_shots,1682,NA,PAI,1,1682,0.15406352768761483,0.15415517761485317,1816313.349272628,0.8015498173411765,1348.2067927678588,208.7094945462214
ORNL,2024,all_shots,1682,NA,PAI,2,1682,0.15406352768761483,0.15415517761485317,1439723.514858939,0.7136652178978706,1200.3848965042184,185.93553173837233
ORNL,2024,all_shots,1682,NA,FHD_cover_PAI,0,1682,0.24751590842065097,0.2476631516737269,2827442,1,1682,417.32175796353494
ORNL,2024,all_shots,1682,NA,FHD_cover_PAI,1,1682,0.24751590842065097,0.2476631516737269,2273296.4466808536,0.896697721534499,1508.2455676210272,374.3147717911389
ORNL,2024,all_shots,1682,NA,FHD_cover_PAI,2,1682,0.24751590842065097,0.2476631516737269,1992354.8615897952,0.8394816280072878,1412.008098308258,350.4944671500843
ORNL,2025,all_shots,881,NA,FHD,0,881,0.22135477692712824,0.2216063164463636,775274,0.9999961326201843,880.9965928383823,196.01280428130013
ORNL,2025,all_shots,881,NA,FHD,1,881,0.22135477692712824,0.2216063164463636,543965.0866168163,0.8377299178608302,738.0400576353913,164.36869232116692
ORNL,2025,all_shots,881,NA,FHD,2,881,0.22135477692712824,0.2216063164463636,464503.3038862933,0.7741713685454489,682.0449756885405,151.97391344780547
ORNL,2025,all_shots,881,NA,cover,0,881,0.26266270500137473,0.2629611853479672,775280,1,881,232.40584310621114
ORNL,2025,all_shots,881,NA,cover,1,881,0.26266270500137473,0.2629611853479672,561269.2785124049,0.8509412446914885,749.6792365732014,197.91277616168261
ORNL,2025,all_shots,881,NA,cover,2,881,0.26266270500137473,0.2629611853479672,472296.58633009886,0.7806340051416419,687.7385585297866,181.64327011718
ORNL,2025,all_shots,881,NA,PAI,0,881,0.13643882935489976,0.13659387347916668,775280,1,881,121.20260866166669
ORNL,2025,all_shots,881,NA,PAI,1,881,0.13643882935489976,0.13659387347916668,479446.3917580291,0.7865162950652965,692.9208559525263,95.54131042175781
ORNL,2025,all_shots,881,NA,PAI,2,881,0.13643882935489976,0.13659387347916668,373909.11098854686,0.6946439094783464,611.9812842504232,84.49801001023589
ORNL,2025,all_shots,881,NA,FHD_cover_PAI,0,881,0.2379382699073589,0.2382086543049809,775280,1,881,210.62361578838318
ORNL,2025,all_shots,881,NA,FHD_cover_PAI,1,881,0.2379382699073589,0.2382086543049809,632246.3639068453,0.9031093843356375,795.6393675996966,190.31305459685694
ORNL,2025,all_shots,881,NA,FHD_cover_PAI,2,881,0.2379382699073589,0.2382086543049809,563613.7912230801,0.852715467403729,751.2423267826853,179.74929951585088
OSBS,2024,all_shots,298,NA,FHD,0,298,0.16882633796938248,0.16939477681776424,88504,0.9999887202566197,297.99663863647265,51.30968122818108
OSBS,2024,all_shots,298,NA,FHD,1,298,0.16882633796938248,0.16939477681776424,55309.87047038101,0.790875965270242,235.68103765053212,40.78916651536349
OSBS,2024,all_shots,298,NA,FHD,2,298,0.16882633796938248,0.16939477681776424,44284.08035494596,0.7078470608758274,210.93842414099655,36.611961684756835
OSBS,2024,all_shots,298,NA,cover,0,298,0.28572933631660363,0.2866913879540333,88506,1,298,86.14734222234789
OSBS,2024,all_shots,298,NA,cover,1,298,0.28572933631660363,0.2866913879540333,67354.22567655801,0.872575195751647,260.0274083339908,75.29745880739769
OSBS,2024,all_shots,298,NA,cover,2,298,0.28572933631660363,0.2866913879540333,58579.63495720148,0.813868516557939,242.53281793426584,70.29874110335344
OSBS,2024,all_shots,298,NA,PAI,0,298,0.1286790103258628,0.12911227298689262,88506,1,298,39.34634507710711
OSBS,2024,all_shots,298,NA,PAI,1,298,0.1286790103258628,0.12911227298689262,64860.54148837722,0.8563014060256458,255.17781899564244,33.83602920547142
OSBS,2024,all_shots,298,NA,PAI,2,298,0.1286790103258628,0.12911227298689262,53554.03218932187,0.7782482602685823,231.91798156003753,30.842976343917325
OSBS,2024,all_shots,298,NA,FHD_cover_PAI,0,298,0.21988805160507255,0.22062841541519063,88506,1,298,66.52663937831161
OSBS,2024,all_shots,298,NA,FHD_cover_PAI,1,298,0.21988805160507255,0.22062841541519063,70843.30996410694,0.8948474346026919,266.6645355116022,59.636345145817884
OSBS,2024,all_shots,298,NA,FHD_cover_PAI,2,298,0.21988805160507255,0.22062841541519063,61816.6188784011,0.8360066572765118,249.12998386840053,55.78070674922575
OSBS,2025,all_shots,962,NA,FHD,0,962,0.15709124886034484,0.157254715300366,924452,0.9999837830035453,961.9843992494106,152.11933066225848
OSBS,2025,all_shots,962,NA,FHD,1,962,0.15709124886034484,0.157254715300366,589486.0847355396,0.7986279983071868,768.2801343715137,121.69008578301462
OSBS,2025,all_shots,962,NA,FHD,2,962,0.15709124886034484,0.157254715300366,459225.5129292243,0.7049500860682293,678.1619827976366,107.53331280728843
OSBS,2025,all_shots,962,NA,cover,0,962,0.30119183757970164,0.30150525260319766,924480,0.9999989188750892,961.9989599578358,290.7462344994624
OSBS,2025,all_shots,962,NA,cover,1,962,0.30119183757970164,0.30150525260319766,708795.7202208136,0.8756758980594878,842.4002139332272,254.72406841208246
OSBS,2025,all_shots,962,NA,cover,2,962,0.30119183757970164,0.30150525260319766,615202.9639722789,0.815851258693549,784.8489108631942,237.39008568531293
OSBS,2025,all_shots,962,NA,PAI,0,962,0.15546556312854012,0.15562733790807035,924482,1,962,150.5578717296556
OSBS,2025,all_shots,962,NA,PAI,1,962,0.15546556312854012,0.15562733790807035,658181.9479063567,0.8438506124763235,811.7842892022232,127.20450165972531
OSBS,2025,all_shots,962,NA,PAI,2,962,0.15546556312854012,0.15562733790807035,537736.0934089377,0.7627911456165533,733.8050820831243,115.08142031263752
OSBS,2025,all_shots,962,NA,FHD_cover_PAI,0,962,0.23237787662238818,0.2326196850267819,924482,1,962,224.54751731073742
OSBS,2025,all_shots,962,NA,FHD_cover_PAI,1,962,0.23237787662238818,0.2326196850267819,752898.8785337518,0.9024923097816134,868.1976020099121,202.74991524371262
OSBS,2025,all_shots,962,NA,FHD_cover_PAI,2,962,0.23237787662238818,0.2326196850267819,658149.5383537812,0.8438298489913282,811.7643147296577,189.63606777470588
PUUM,2025,all_shots,175,NA,FHD,0,175,0.15375295714492426,0.1546365948296652,30450,1,175,27.906767500361745
PUUM,2025,all_shots,175,NA,FHD,1,175,0.15375295714492426,0.1546365948296652,20951.995769818677,0.8299937482086691,145.2489059365171,23.33244880980445
PUUM,2025,all_shots,175,NA,FHD,2,175,0.15375295714492426,0.1546365948296652,17045.27013028868,0.7489056750704229,131.058493137324,21.150630878821328
PUUM,2025,all_shots,175,NA,cover,0,175,0.2582753057302739,0.25975964656780426,30450,1,175,46.19817850279794
PUUM,2025,all_shots,175,NA,cover,1,175,0.2582753057302739,0.25975964656780426,23098.532902825114,0.8713305001555385,152.48283752721923,40.38255148096223
PUUM,2025,all_shots,175,NA,cover,2,175,0.2582753057302739,0.25975964656780426,19782.46730316141,0.8065774171360135,141.15104799880237,37.45583007603925
PUUM,2025,all_shots,175,NA,PAI,0,175,0.11695703924753811,0.11762920613976534,30450,1,175,21.46748186831917
PUUM,2025,all_shots,175,NA,PAI,1,175,0.11695703924753811,0.11762920613976534,20904.162138991138,0.8290490391115454,145.08358184452044,17.968546175962985
PUUM,2025,all_shots,175,NA,PAI,2,175,0.11695703924753811,0.11762920613976534,16531.273975197248,0.737571280802124,129.0749741403717,16.09622681641042
PUUM,2025,all_shots,175,NA,FHD_cover_PAI,0,175,0.1993017354070635,0.2004471476795179,30450,1,175,35.877803696236114
PUUM,2025,all_shots,175,NA,FHD_cover_PAI,1,175,0.1993017354070635,0.2004471476795179,24620.042274407228,0.899477414210101,157.40854748676767,32.37179668201796
PUUM,2025,all_shots,175,NA,FHD_cover_PAI,2,175,0.1993017354070635,0.2004471476795179,21331.25769656181,0.8374462793947017,146.5530988940728,30.20828693887171
RMNP,2024,all_shots,123,NA,FHD,0,123,0.08844274060539781,0.08916768110216337,15006,1,123,11.878457094463931
RMNP,2024,all_shots,123,NA,FHD,1,123,0.08844274060539781,0.08916768110216337,10936.642100683086,0.8543056663557306,105.07959696175486,10.293527537008233
RMNP,2024,all_shots,123,NA,FHD,2,123,0.08844274060539781,0.08916768110216337,8861.555082423794,0.7694078130635705,94.63716100681917,9.369969882557376
RMNP,2024,all_shots,123,NA,cover,0,123,0.2531791505650089,0.2552543895040663,15006,1,123,32.14103551949609
RMNP,2024,all_shots,123,NA,cover,1,123,0.2531791505650089,0.2552543895040663,10641.01302297871,0.8427357538653659,103.65649772544,27.243664044670677
RMNP,2024,all_shots,123,NA,cover,2,123,0.2531791505650089,0.2552543895040663,8951.380939996456,0.7732769027251266,95.11305903519057,25.080643494169095
RMNP,2024,all_shots,123,NA,PAI,0,123,0.1345541624494447,0.1356570654203418,15006,1,123,17.5501619812817
RMNP,2024,all_shots,123,NA,PAI,1,123,0.1345541624494447,0.1356570654203418,9062.005611738343,0.7780152863789452,95.69588022461026,13.876279013484814
RMNP,2024,all_shots,123,NA,PAI,2,123,0.1345541624494447,0.1356570654203418,7064.108307880201,0.6873962366482924,84.54973710773997,12.376519061852688
RMNP,2024,all_shots,123,NA,FHD_cover_PAI,0,123,0.18516273947283757,0.18668046684556575,15006,1,123,23.77501695515902
RMNP,2024,all_shots,123,NA,FHD_cover_PAI,1,123,0.18516273947283757,0.18668046684556575,11544.614407672023,0.8776181358262802,107.94703070663248,20.987767923598586
RMNP,2024,all_shots,123,NA,FHD_cover_PAI,2,123,0.18516273947283757,0.18668046684556575,9697.419164513918,0.8046889779078672,98.97674428266767,19.326805115481257
RMNP,2025,all_shots,103,NA,FHD,0,103,0.13386339065560993,0.13517577683850807,10506,1,103,14.787929237527823
RMNP,2025,all_shots,103,NA,FHD,1,103,0.13386339065560993,0.13517577683850807,7293.099285139887,0.8339913419380947,85.90110821962375,12.49901360735332
RMNP,2025,all_shots,103,NA,FHD,2,103,0.13386339065560993,0.13517577683850807,5777.2029685948,0.7428112466295181,76.50955840284037,11.241828905367623
RMNP,2025,all_shots,103,NA,cover,0,103,0.30523901851531227,0.3082315579125212,10506,1,103,32.43961890707716
RMNP,2025,all_shots,103,NA,cover,1,103,0.30523901851531227,0.3082315579125212,8092.297328081133,0.8782387062040425,90.45858673901638,28.6114902324996
RMNP,2025,all_shots,103,NA,cover,2,103,0.30523901851531227,0.3082315579125212,7029.408029029694,0.8188646207576925,84.34305593804233,26.74479161311012
RMNP,2025,all_shots,103,NA,PAI,0,103,0.16233264610367665,0.16392414263410485,10506,1,103,17.720262548678694
RMNP,2025,all_shots,103,NA,PAI,1,103,0.16233264610367665,0.16392414263410485,7588.99955657566,0.8506436798968544,87.61629902937601,15.222985663249604
RMNP,2025,all_shots,103,NA,PAI,2,103,0.16233264610367665,0.16392414263410485,6362.614795571455,0.7792967700618346,80.26756731636897,14.030046598771166
RMNP,2025,all_shots,103,NA,FHD_cover_PAI,0,103,0.2254313177337649,0.22764142869193907,10506,1,103,24.219425726577786
RMNP,2025,all_shots,103,NA,FHD_cover_PAI,1,103,0.2254313177337649,0.22764142869193907,8533.59163911599,0.9017358671371265,92.87879431512403,21.937788991981723
RMNP,2025,all_shots,103,NA,FHD_cover_PAI,2,103,0.2254313177337649,0.22764142869193907,7437.744416007046,0.8421728930725209,86.74380798646965,20.554770939634533
SCBI,2025,all_shots,592,NA,FHD,0,592,0.18205102793050604,0.18235906689485545,349872,1,592,108.77420853485957
SCBI,2025,all_shots,592,NA,FHD,1,592,0.18205102793050604,0.18235906689485545,230867.78698768732,0.8124785324025038,480.98729118228226,88.5642307812441
SCBI,2025,all_shots,592,NA,FHD,2,592,0.18205102793050604,0.18235906689485545,189196.72214120586,0.7355874710765433,435.46778287731365,80.27735750343336
SCBI,2025,all_shots,592,NA,cover,0,592,0.34513303062517925,0.34571701206447736,349872,1,592,205.31875413010613
SCBI,2025,all_shots,592,NA,cover,1,592,0.34513303062517925,0.34571701206447736,257099.4760606983,0.8573480122180928,507.5500232331109,176.1722777123237
SCBI,2025,all_shots,592,NA,cover,2,592,0.34513303062517925,0.34571701206447736,222198.6162652456,0.797094167916797,471.87974740674383,163.86128731313357
SCBI,2025,all_shots,592,NA,PAI,0,592,0.23141085963292546,0.23180241777105223,349872,1,592,137.99522890269188
SCBI,2025,all_shots,592,NA,PAI,1,592,0.23141085963292546,0.23180241777105223,265199.73614852544,0.8707360036058813,515.4757141346818,120.28667812780286
SCBI,2025,all_shots,592,NA,PAI,2,592,0.23141085963292546,0.23180241777105223,229764.4650821012,0.8105368041903771,479.83778808070326,112.03967502411706
SCBI,2025,all_shots,592,NA,FHD_cover_PAI,0,592,0.27758256510177604,0.2780522479530481,349872,1,592,165.32887854025142
SCBI,2025,all_shots,592,NA,FHD_cover_PAI,1,592,0.27758256510177604,0.2780522479530481,280207.47248388495,0.8950109883801762,529.8465051210643,148.07615200171634
SCBI,2025,all_shots,592,NA,FHD_cover_PAI,2,592,0.27758256510177604,0.2780522479530481,244784.14473420844,0.8365826092664425,495.25690468573396,138.47468198703183
SERC,2024,all_shots,439,NA,FHD,0,439,0.2604957306469454,0.2610904697580115,192280,0.9999948052217756,438.9977194923595,115.35703169150499
SERC,2024,all_shots,439,NA,FHD,1,439,0.2604957306469454,0.2610904697580115,141164.80423631766,0.8569917592267982,376.2193823005644,99.003542875928
SERC,2024,all_shots,439,NA,FHD,2,439,0.2604957306469454,0.2610904697580115,123900.74627711433,0.8029515565428589,352.49573332231506,92.8236336017273
SERC,2024,all_shots,439,NA,cover,0,439,0.2500839263351839,0.25065489420352904,192282,1,439,110.78684366114572
SERC,2024,all_shots,439,NA,cover,1,439,0.2500839263351839,0.25065489420352904,125519.29286113619,0.8081716931062436,354.7873732736409,89.72661932241861
SERC,2024,all_shots,439,NA,cover,2,439,0.2500839263351839,0.25065489420352904,101135.81184524304,0.7255557280181766,318.51896459997954,80.65647327938034
SERC,2024,all_shots,439,NA,PAI,0,439,0.11249520308335959,0.1127520414465636,192282,1,439,50.38539415359486
SERC,2024,all_shots,439,NA,PAI,1,439,0.11249520308335959,0.1127520414465636,102058.6521945845,0.7288532804259344,319.9665901069852,36.994706533975375
SERC,2024,all_shots,439,NA,PAI,2,439,0.11249520308335959,0.1127520414465636,76003.22363386693,0.6291281892186755,276.18727506699855,32.0697435977017
SERC,2024,all_shots,439,NA,FHD_cover_PAI,0,439,0.2419734061900478,0.24252585688911185,192282,1,439,107.22632531743099
SERC,2024,all_shots,439,NA,FHD_cover_PAI,1,439,0.2419734061900478,0.24252585688911185,150560.29979479182,0.8850144110912028,388.52132646903806,95.01182874318872
SERC,2024,all_shots,439,NA,FHD_cover_PAI,2,439,0.2419734061900478,0.24252585688911185,131814.04586563542,0.8281603317509351,363.5623856386605,88.9724288155664
SERC,2025,all_shots,386,NA,FHD,0,386,0.27057313072338135,0.2712759180759096,148580,0.9998991904928655,385.96108753024606,105.4306997904597
SERC,2025,all_shots,386,NA,FHD,1,386,0.27057313072338135,0.2712759180759096,106309.02213416719,0.845987116287962,326.55102688715334,89.35593368579215
SERC,2025,all_shots,386,NA,FHD,2,386,0.27057313072338135,0.2712759180759096,93108.22705256652,0.7918052252343978,305.63681694047756,83.69711042391401
SERC,2025,all_shots,386,NA,cover,0,386,0.13770360636743129,0.13806127807228175,148610,1,386,54.153592057828476
SERC,2025,all_shots,386,NA,cover,1,386,0.13770360636743129,0.13806127807228175,101150.90371602686,0.8252401338247848,318.5426916563669,44.86447742307039
SERC,2025,all_shots,386,NA,cover,2,386,0.13770360636743129,0.13806127807228175,75280.78614773626,0.7121085451934936,274.87389844468856,38.85112711210868
SERC,2025,all_shots,386,NA,PAI,0,386,0.04886017797505177,0.048987087528233726,148610,1,386,19.860028698369984
SERC,2025,all_shots,386,NA,PAI,1,386,0.04886017797505177,0.048987087528233726,78939.07586485652,0.7291746924257836,281.46143127635247,14.752255625275385
SERC,2025,all_shots,386,NA,PAI,2,386,0.04886017797505177,0.048987087528233726,42017.00122228764,0.5323344551059346,205.48109967089073,11.039843100429072
SERC,2025,all_shots,386,NA,FHD_cover_PAI,0,386,0.19187120903896152,0.1923695758156861,148610,1,386,75.06228668903914
SERC,2025,all_shots,386,NA,FHD_cover_PAI,1,386,0.19187120903896152,0.1923695758156861,115644.2917302048,0.8822940316993595,340.56549623595276,66.34471351974615
SERC,2025,all_shots,386,NA,FHD_cover_PAI,2,386,0.19187120903896152,0.1923695758156861,100862.48923055278,0.8240646294275682,318.0889469590413,62.03211083496136
SJER,2025,all_shots,280,NA,FHD,0,280,0.15821076222256975,0.15877782588644992,78064,0.9996421541054892,279.899803149537,45.283161202235476
SJER,2025,all_shots,280,NA,FHD,1,280,0.15821076222256975,0.15877782588644992,58455.701741648256,0.8652737740513131,242.27665673436766,39.330774530680195
SJER,2025,all_shots,280,NA,FHD,2,280,0.15821076222256975,0.15877782588644992,49379.40867952665,0.7954119394056028,222.7153430335688,36.23596418000201
SJER,2025,all_shots,280,NA,cover,0,280,0.10258880705264031,0.10295650887003328,78120,1,280,29.724865974739288
SJER,2025,all_shots,280,NA,cover,1,280,0.10258880705264031,0.10295650887003328,49765.764278282775,0.7985106293500162,223.58297621800452,23.937110807483933
SJER,2025,all_shots,280,NA,cover,2,280,0.10258880705264031,0.10295650887003328,37387.2761708082,0.6923519394678829,193.8585430510072,20.88771666856574
SJER,2025,all_shots,280,NA,PAI,0,280,0.03141169948554387,0.031524286222051195,78120,1,280,9.795275855952283
SJER,2025,all_shots,280,NA,PAI,1,280,0.03141169948554387,0.031524286222051195,44298.48458414627,0.7534737346105195,210.97264569094546,7.6270093461141
SJER,2025,all_shots,280,NA,PAI,2,280,0.03141169948554387,0.031524286222051195,27771.582390992084,0.59696010554222,167.1488295518216,6.250428803242214
SJER,2025,all_shots,280,NA,FHD_cover_PAI,0,280,0.11914255547119028,0.11956958972019095,78120,1,280,34.359915531933275
SJER,2025,all_shots,280,NA,FHD_cover_PAI,1,280,0.11914255547119028,0.11956958972019095,61443.35548170493,0.8870650248283294,248.3782069519322,30.592414299605363
SJER,2025,all_shots,280,NA,FHD_cover_PAI,2,280,0.11914255547119028,0.11956958972019095,51684.90389661851,0.8137274683214731,227.84369113001247,28.145879609218255
SOAP,2025,all_shots,133,NA,FHD,0,133,0.2008146951575189,0.20233601860568193,17554,0.9999432527461195,132.9924526152339,27.706838830178974
SOAP,2025,all_shots,133,NA,FHD,1,133,0.2008146951575189,0.20233601860568193,13255.107704397498,0.869412889931314,115.63191436086477,24.22058763285739
SOAP,2025,all_shots,133,NA,FHD,2,133,0.2008146951575189,0.20233601860568193,11439.571193155647,0.8079481186398247,107.4570997790967,22.578964734650395
SOAP,2025,all_shots,133,NA,cover,0,133,0.22292228837244113,0.22461109358738388,17556,1,133,30.64866435353467
SOAP,2025,all_shots,133,NA,cover,1,133,0.22292228837244113,0.22461109358738388,11591.128992510403,0.8132576442210577,108.16326668140069,25.11200292645646
SOAP,2025,all_shots,133,NA,cover,2,133,0.22292228837244113,0.22461109358738388,9205.047672827652,0.7251446806050724,96.44424252047463,22.499571243010895
SOAP,2025,all_shots,133,NA,PAI,0,133,0.09638143835051373,0.09711160076226005,17556,1,133,13.818731300618326
SOAP,2025,all_shots,133,NA,PAI,1,133,0.09638143835051373,0.09711160076226005,9295.237017493993,0.7286699702728896,96.91310604629432,10.340624555757715
SOAP,2025,all_shots,133,NA,PAI,2,133,0.09638143835051373,0.09711160076226005,6574.369099148856,0.6134137212921045,81.5840249318499,8.863185669355865
SOAP,2025,all_shots,133,NA,FHD_cover_PAI,0,133,0.20307378429043854,0.2046122220502146,17556,1,133,28.008813310628327
SOAP,2025,all_shots,133,NA,FHD_cover_PAI,1,133,0.20307378429043854,0.2046122220502146,14002.610824565587,0.8934863476295744,118.83368423473338,25.132005958722335
SOAP,2025,all_shots,133,NA,FHD_cover_PAI,2,133,0.20307378429043854,0.2046122220502146,11968.648844826801,0.8263343060151032,109.90246270000873,23.31830900332954
SRER,2024,all_shots,2351,NA,FHD,0,2351,0.10128420406866115,0.10132730372996697,5518688,0.9994423008800831,2349.6888493690753,238.98636491735505
SRER,2024,all_shots,2351,NA,FHD,1,2351,0.10128420406866115,0.10132730372996697,3796059.214237298,0.828944228286831,1948.8478807023396,198.38750644783357
SRER,2024,all_shots,2351,NA,FHD,2,2351,0.10128420406866115,0.10132730372996697,3051516.4286268097,0.7432407866935826,1747.3590895166128,177.97987460383055
SRER,2024,all_shots,2351,NA,cover,0,2351,0.047410670348520804,0.0474308451018606,5524850,1,2351,112.46248598937241
SRER,2024,all_shots,2351,NA,cover,1,2351,0.047410670348520804,0.0474308451018606,3036557.940364607,0.7414173931467334,1743.0722912879703,83.64022579589479
SRER,2024,all_shots,2351,NA,cover,2,2351,0.047410670348520804,0.0474308451018606,1754392.1462052828,0.5636047574745587,1325.0347848226875,63.82078738355163
SRER,2024,all_shots,2351,NA,PAI,0,2351,0.01357961525439798,0.013585393814080702,5524850,1,2351,32.92567546308965
SRER,2024,all_shots,2351,NA,PAI,1,2351,0.01357961525439798,0.013585393814080702,2585184.1394301946,0.6841135093338586,1608.3508604439016,22.84078587890812
SRER,2024,all_shots,2351,NA,PAI,2,2351,0.01357961525439798,0.013585393814080702,1086739.275332859,0.4436273914378359,1042.9679972703523,15.163104125581386
SRER,2024,all_shots,2351,NA,FHD_cover_PAI,0,2351,0.07030615023911664,0.07033606774985669,5524850,1,2351,166.28975921216323
SRER,2024,all_shots,2351,NA,FHD_cover_PAI,1,2351,0.07030615023911664,0.07033606774985669,4002054.047947995,0.8511329258035888,2001.0135085642373,141.68355636361918
SRER,2024,all_shots,2351,NA,FHD_cover_PAI,2,2351,0.07030615023911664,0.07033606774985669,3081206.800995007,0.7468467606807284,1755.8367343603925,124.4461212413017
SRER,2025,all_shots,4173,NA,FHD,0,4173,0.11896911526499766,0.11899763135206981,17372698,0.9989352723235931,4168.556891406354,496.9295253024229
SRER,2025,all_shots,4173,NA,FHD,1,4173,0.11896911526499766,0.11899763135206981,11946914.276199602,0.8284042401566913,3456.930894173873,412.26801001210293
SRER,2025,all_shots,4173,NA,FHD,2,4173,0.11896911526499766,0.11899763135206981,9759188.80637918,0.7487347422244922,3124.470079302806,372.7154410066119
SRER,2025,all_shots,4173,NA,cover,0,4173,0.05559357625822977,0.05560690166001746,17409756,1,4173,232.99199372559283
SRER,2025,all_shots,4173,NA,cover,1,4173,0.05559357625822977,0.05560690166001746,8432068.064619647,0.6959746918390475,2904.302389044345,162.4605563422957
SRER,2025,all_shots,4173,NA,cover,2,4173,0.05559357625822977,0.05560690166001746,4745656.030603932,0.5221549787377101,2178.952726272464,122.1357745511059
SRER,2025,all_shots,4173,NA,PAI,0,4173,0.016749573908072225,0.01675358866691884,17409756,1,4173,70.8959719183854
SRER,2025,all_shots,4173,NA,PAI,1,4173,0.016749573908072225,0.01675358866691884,6734962.989718001,0.6220179180611695,2595.68077206926,44.47654693353605
SRER,2025,all_shots,4173,NA,PAI,2,4173,0.016749573908072225,0.01675358866691884,2811828.809027915,0.40195325551013006,1677.3509352437727,29.094913459639642
SRER,2025,all_shots,4173,NA,FHD_cover_PAI,0,4173,0.08275793667751835,0.08277777319158294,17409756,1,4173,346.34886975528406
SRER,2025,all_shots,4173,NA,FHD_cover_PAI,1,4173,0.08275793667751835,0.08277777319158294,12199387.13005991,0.8371105060925811,3493.262141924341,290.09516713934676
SRER,2025,all_shots,4173,NA,FHD_cover_PAI,2,4173,0.08275793667751835,0.08277777319158294,9333768.69373093,0.7322362223720338,3055.621755958497,253.87695179006073
STEI,2025,all_shots,181,NA,FHD,0,181,0.17166958156203846,0.17262330145960533,32580,1,181,32.07219426272896
STEI,2025,all_shots,181,NA,FHD,1,181,0.17166958156203846,0.17262330145960533,24130.039469141502,0.8609904538149381,155.8392721405038,27.752862639292925
STEI,2025,all_shots,181,NA,FHD,2,181,0.17166958156203846,0.17262330145960533,20280.513379288346,0.7895610231098972,142.91054518289138,25.533393492349756
STEI,2025,all_shots,181,NA,cover,0,181,0.2158902168700511,0.2170896069637736,32580,1,181,40.07612925347925
STEI,2025,all_shots,181,NA,cover,1,181,0.2158902168700511,0.2170896069637736,23640.184729848144,0.8522345992891254,154.2544624713317,34.30202935610896
STEI,2025,all_shots,181,NA,cover,2,181,0.2158902168700511,0.2170896069637736,19463.74459549661,0.7735548112908684,140.0134208436472,31.22752779065273
STEI,2025,all_shots,181,NA,PAI,0,181,0.09475973055821357,0.09528617350575921,32580,1,181,18.151511231036658
STEI,2025,all_shots,181,NA,PAI,1,181,0.09475973055821357,0.09528617350575921,19224.225388811206,0.7687975382838832,139.15235442938285,14.186039612269356
STEI,2025,all_shots,181,NA,PAI,2,181,0.09475973055821357,0.09528617350575921,12930.132545797402,0.6310046406316148,114.21183995432227,11.82268318062939
STEI,2025,all_shots,181,NA,FHD_cover_PAI,0,181,0.18604729748973545,0.18708089358690064,32580,1,181,34.67456084564211
STEI,2025,all_shots,181,NA,FHD_cover_PAI,1,181,0.18604729748973545,0.18708089358690064,26636.898225479486,0.9044691147034387,163.70890976132242,31.457600236085007
STEI,2025,all_shots,181,NA,FHD_cover_PAI,2,181,0.18604729748973545,0.18708089358690064,22861.176691787357,0.8381213038196348,151.6999559913539,29.223366841503196
STER,2025,all_shots,57,NA,FHD,0,57,0.06034890884924979,0.061426567935843536,3190,0.9996894405594096,56.982298111886344,4.438819514775007
STER,2025,all_shots,57,NA,FHD,1,57,0.06034890884924979,0.061426567935843536,2205.5311482688744,0.8327323581231121,47.46574441301739,3.8645058830429737
STER,2025,all_shots,57,NA,FHD,2,57,0.06034890884924979,0.061426567935843536,1735.1809154122197,0.7396228687480024,42.15850351863614,3.5442196860669486
STER,2025,all_shots,57,NA,cover,0,57,0.017711535351599167,0.018027812768592007,3192,1,57,2.0095575150411524
STER,2025,all_shots,57,NA,cover,1,57,0.017711535351599167,0.018027812768592007,2434.5545082578838,0.8744515489164133,49.843738288235556,1.882809132747941
STER,2025,all_shots,57,NA,cover,2,57,0.017711535351599167,0.018027812768592007,2087.6919094838995,0.8104211051325965,46.194002992558,1.8181667170345688
STER,2025,all_shots,57,NA,PAI,0,57,0.004547052289782105,0.004628249652099642,3192,1,57,1.25918198051758
STER,2025,all_shots,57,NA,PAI,1,57,0.004547052289782105,0.004628249652099642,2431.955538177588,0.8739894017224147,49.81739589817764,1.2265223040897903
STER,2025,all_shots,57,NA,PAI,2,57,0.004547052289782105,0.004628249652099642,2083.1561159985063,0.8095498902798364,46.14434374595067,1.2098207438905175
STER,2025,all_shots,57,NA,FHD_cover_PAI,0,57,0.03813849966619044,0.0388195443030867,3192,1,57,3.173894480972855
STER,2025,all_shots,57,NA,FHD_cover_PAI,1,57,0.03813849966619044,0.0388195443030867,2414.2148105888696,0.8708281392175047,49.637203935397764,2.893088485720795
STER,2025,all_shots,57,NA,FHD_cover_PAI,2,57,0.03813849966619044,0.0388195443030867,1931.5836228056203,0.7798706895579859,44.45262930480519,2.6953565879026002
TALL,2025,all_shots,802,NA,FHD,0,802,0.11853395045512252,0.11868193291511644,642396,0.9999953329293656,801.9962570093512,96.06378459354015
TALL,2025,all_shots,802,NA,FHD,1,802,0.11853395045512252,0.11868193291511644,412107.8531294042,0.8010679116404081,642.4564651356073,77.15290280795723
TALL,2025,all_shots,802,NA,FHD,2,802,0.11853395045512252,0.11868193291511644,309775.24775526876,0.694606971073669,557.0747908010825,67.03227565261325
TALL,2025,all_shots,802,NA,cover,0,802,0.26308219095571245,0.2634106331416746,642402,1,802,211.99191714648137
TALL,2025,all_shots,802,NA,cover,1,802,0.26308219095571245,0.2634106331416746,475106.67603114556,0.8600748198698153,689.7800055355918,182.46883513374695
TALL,2025,all_shots,802,NA,cover,2,802,0.26308219095571245,0.2634106331416746,404495.4576453898,0.7936406111738509,636.4997701614284,168.451754076876
TALL,2025,all_shots,802,NA,PAI,0,802,0.1945321421471375,0.19477500374782056,642402,1,802,157.01477800200428
TALL,2025,all_shots,802,NA,PAI,1,802,0.1945321421471375,0.19477500374782056,490915.8085864146,0.8742568853238327,701.1540220297138,137.39699388052145
TALL,2025,all_shots,802,NA,PAI,2,802,0.1945321421471375,0.19477500374782056,423808.2897186492,0.8123513601605771,651.5057908487828,127.73881711507865
TALL,2025,all_shots,802,NA,FHD_cover_PAI,0,802,0.2139551205806018,0.21422223059381101,642402,1,802,172.59200670564263
TALL,2025,all_shots,802,NA,FHD_cover_PAI,1,802,0.2139551205806018,0.21422223059381101,519138.4036401448,0.8990184181089937,721.012771323413,155.2643744286547
TALL,2025,all_shots,802,NA,FHD_cover_PAI,2,802,0.2139551205806018,0.21422223059381101,449150.0099403628,0.8362677495350757,670.6867351271306,144.49686128593538
TEAK,2024,all_shots,1228,NA,FHD,0,1228,0.2053447425123452,0.2055120976407171,1506546,0.9999303398244781,1227.9144573044591,253.14577806237023
TEAK,2024,all_shots,1228,NA,FHD,1,1228,0.2053447425123452,0.2055120976407171,1059404.8603110218,0.8385782325574965,1029.7740695806058,212.45869116391933
TEAK,2024,all_shots,1228,NA,FHD,2,1228,0.2053447425123452,0.2055120976407171,882084.5616885633,0.765222885150415,939.6937029647097,193.9611614757605
TEAK,2024,all_shots,1228,NA,cover,0,1228,0.23703041115307136,0.237223589972267,1506756,1,1228,292.0733448959716
TEAK,2024,all_shots,1228,NA,cover,1,1228,0.23703041115307136,0.237223589972267,1080383.1117580684,0.8468362485246065,1039.9149131882168,247.49145943721354
TEAK,2024,all_shots,1228,NA,cover,2,1228,0.23703041115307136,0.237223589972267,886628.7241585926,0.7671903730218463,942.1097780708272,224.308668047457
TEAK,2024,all_shots,1228,NA,PAI,0,1228,0.10817668080749054,0.10826484436153087,1506756,1,1228,133.8409640315984
TEAK,2024,all_shots,1228,NA,PAI,1,1228,0.10817668080749054,0.10826484436153087,878390.6833494202,0.7636198079447082,937.7251241561016,102.43999144099905
TEAK,2024,all_shots,1228,NA,PAI,2,1228,0.10817668080749054,0.10826484436153087,622367.7641382907,0.642836355722818,789.4030448276205,86.39500120877865
TEAK,2024,all_shots,1228,NA,FHD_cover_PAI,0,1228,0.21298521266608428,0.2131587947464967,1506756,1,1228,262.54584115395147
TEAK,2024,all_shots,1228,NA,FHD_cover_PAI,1,1228,0.21298521266608428,0.2131587947464967,1212029.586096873,0.8969236695003066,1101.4222661463764,235.58665559034645
TEAK,2024,all_shots,1228,NA,FHD_cover_PAI,2,1228,0.21298521266608428,0.2131587947464967,1047046.084611869,0.8336749352409548,1023.7528204758925,219.04421218656157
TEAK,2025,all_shots,1641,NA,FHD,0,1641,0.19300162343734958,0.19311930735407967,2691130,0.9999795693439951,1640.966473293496,317.7091933519069
TEAK,2025,all_shots,1641,NA,FHD,1,1641,0.19300162343734958,0.19311930735407967,1873331.8407773613,0.8343675953223859,1369.1972239240354,265.2572870232511
TEAK,2025,all_shots,1641,NA,FHD,2,1641,0.19300162343734958,0.19311930735407967,1557002.8558328825,0.7606942748994231,1248.2993051099534,241.92379242193638
TEAK,2025,all_shots,1641,NA,cover,0,1641,0.26122706308810084,0.26138634788266674,2691240,1,1641,429.6736105275735
TEAK,2025,all_shots,1641,NA,cover,1,1641,0.26122706308810084,0.26138634788266674,1970265.9634991663,0.8556744157163981,1404.1617161906092,367.8050412212202
TEAK,2025,all_shots,1641,NA,cover,2,1641,0.26122706308810084,0.26138634788266674,1651240.0459457336,0.7833674294430677,1285.5059517160742,336.808944349064
TEAK,2025,all_shots,1641,NA,PAI,0,1641,0.12405815383227597,0.12413379904802738,2691240,1,1641,204.5794304387649
TEAK,2025,all_shots,1641,NA,PAI,1,1641,0.12405815383227597,0.12413379904802738,1661560.0053295144,0.7858106197184478,1289.5152269579728,160.97487839501446
TEAK,2025,all_shots,1641,NA,PAI,2,1641,0.12405815383227597,0.12413379904802738,1252018.5479631426,0.6821672507079832,1119.4364584118005,139.87522036310935
TEAK,2025,all_shots,1641,NA,FHD_cover_PAI,0,1641,0.22228230713502933,0.22241784512718482,2691240,1,1641,365.7652660085831
TEAK,2025,all_shots,1641,NA,FHD_cover_PAI,1,1641,0.22228230713502933,0.22241784512718482,2191104.618782622,0.9023388861614553,1480.7381121909482,330.1418838405719
TEAK,2025,all_shots,1641,NA,FHD_cover_PAI,2,1641,0.22228230713502933,0.22241784512718482,1911570.1114530228,0.8428369995205754,1383.0955162132643,308.43766233199875
TREE,2025,all_shots,205,NA,FHD,0,205,0.1806811116895188,0.18156680341348705,41820,1,205,38.039627896351355
TREE,2025,all_shots,205,NA,FHD,1,205,0.1806811116895188,0.18156680341348705,30415.383199856595,0.8531745524620037,174.90078325471075,32.60126795382871
TREE,2025,all_shots,205,NA,FHD,2,205,0.1806811116895188,0.18156680341348705,25887.159747451173,0.7872958469662529,161.39564862808183,30.161145215972788
TREE,2025,all_shots,205,NA,cover,0,205,0.19291845622215006,0.19386413492912138,41820,1,205,40.54828352554076
TREE,2025,all_shots,205,NA,cover,1,205,0.19291845622215006,0.19386413492912138,29967.41662608086,0.8468864252834042,173.61171718309785,34.492904461039764
TREE,2025,all_shots,205,NA,cover,2,205,0.19291845622215006,0.19386413492912138,24480.201907950486,0.7656697652427623,156.96230187476627,31.280924962754998
TREE,2025,all_shots,205,NA,PAI,0,205,0.07369683422705979,0.0740580932183689,41820,1,205,16.107851016547258
TREE,2025,all_shots,205,NA,PAI,1,205,0.07369683422705979,0.0740580932183689,25573.061722098417,0.7825198896763033,160.41657738364216,12.822193910714585
TREE,2025,all_shots,205,NA,PAI,2,205,0.07369683422705979,0.0740580932183689,17468.851821537435,0.647174291812001,132.6707298214602,10.77741278243519
TREE,2025,all_shots,205,NA,FHD_cover_PAI,0,205,0.173766571124698,0.17461836804197592,41820,1,205,36.62214708056309
TREE,2025,all_shots,205,NA,FHD_cover_PAI,1,205,0.173766571124698,0.17461836804197592,33912.99749765592,0.9007585275448342,184.655498146691,33.086952752273525
TREE,2025,all_shots,205,NA,FHD_cover_PAI,2,205,0.173766571124698,0.17461836804197592,29293.59421881903,0.8373387585993808,171.65444551287305,30.827804415083254
UKFS,2025,all_shots,248,NA,FHD,0,248,0.22640602214522382,0.22732264571666197,61250,0.9999511229477763,247.98787849104852,57.1459491093914
UKFS,2025,all_shots,248,NA,FHD,1,248,0.22640602214522382,0.22732264571666197,44777.867352925656,0.855275829340492,212.108405676442,49.022620392768644
UKFS,2025,all_shots,248,NA,FHD,2,248,0.22640602214522382,0.22732264571666197,38660.71784163898,0.7948545358723123,197.12392489633345,45.630043705432705
UKFS,2025,all_shots,248,NA,cover,0,248,0.40221631095675553,0.4038447170739894,61256,1,248,100.74964511727538
UKFS,2025,all_shots,248,NA,cover,1,248,0.40221631095675553,0.4038447170739894,43686.26400676361,0.8448112539817242,209.5131909874676,85.26962277575737
UKFS,2025,all_shots,248,NA,cover,2,248,0.40221631095675553,0.4038447170739894,38679.652100751395,0.7950486589259271,197.17206741362992,80.30582157882694
UKFS,2025,all_shots,248,NA,PAI,0,248,0.2403540785618238,0.24132717199729678,61256,1,248,60.607811483332306
UKFS,2025,all_shots,248,NA,PAI,1,248,0.2403540785618238,0.24132717199729678,41934.19498029051,0.8277379636695109,205.27901499003872,50.33964849600957
UKFS,2025,all_shots,248,NA,PAI,2,248,0.2403540785618238,0.24132717199729678,36357.656283857206,0.7708769873438046,191.17749286126354,46.95029013842865
UKFS,2025,all_shots,248,NA,FHD_cover_PAI,0,248,0.317096423208119,0.3183802143951964,61256,1,248,79.63991295561351
UKFS,2025,all_shots,248,NA,FHD_cover_PAI,1,248,0.317096423208119,0.3183802143951964,48043.55098329888,0.8858425879799109,219.6889618190179,70.66258401111558
UKFS,2025,all_shots,248,NA,FHD_cover_PAI,2,248,0.317096423208119,0.3183802143951964,42501.94469317064,0.8333088876006663,206.66060412496526,66.53133838605552
UNDE,2024,all_shots,421,NA,FHD,0,421,0.16038604775553134,0.16076791929780643,176818,0.9999943512398839,420.9976218719911,68.52214468652629
UNDE,2024,all_shots,421,NA,FHD,1,421,0.16038604775553134,0.16076791929780643,119424.63666428615,0.8220405224065543,346.0790599331594,56.506252633629096
UNDE,2024,all_shots,421,NA,FHD,2,421,0.16038604775553134,0.16076791929780643,97094.73472256247,0.7413317850786912,312.100681518129,51.05659481050052
UNDE,2024,all_shots,421,NA,cover,0,421,0.27275680936470836,0.2734062303393862,176820,1,421,115.83061674254222
UNDE,2024,all_shots,421,NA,cover,1,421,0.27275680936470836,0.2734062303393862,133605.8822480431,0.8694102757619631,366.02172609578645,100.83491816804992
UNDE,2024,all_shots,421,NA,cover,2,421,0.27275680936470836,0.2734062303393862,114952.48654545685,0.8065244794129404,339.5468058328479,93.61370338894574
UNDE,2024,all_shots,421,NA,PAI,0,421,0.14261699745386489,0.14295656173351695,176820,1,421,61.041755928077116
UNDE,2024,all_shots,421,NA,PAI,1,421,0.14261699745386489,0.14295656173351695,121682.65690764681,0.8297643020412795,349.3307711593787,50.82050570099377
UNDE,2024,all_shots,421,NA,PAI,2,421,0.14261699745386489,0.14295656173351695,99611.24286739141,0.7508619584510478,316.1128845078911,46.08307044499579
UNDE,2024,all_shots,421,NA,FHD_cover_PAI,0,421,0.2182058465396859,0.21872538426954227,176820,1,421,92.86466139320775
UNDE,2024,all_shots,421,NA,FHD_cover_PAI,1,421,0.2182058465396859,0.21872538426954227,145549.33876745505,0.9073862664720321,382.0096181847255,84.35673212230022
UNDE,2024,all_shots,421,NA,FHD_cover_PAI,2,421,0.2182058465396859,0.21872538426954227,127957.91156566216,0.85086080910132,358.2124006316557,79.16404012084355
UNDE,2025,all_shots,1053,NA,FHD,0,1053,0.151139977068695,0.1512836462484181,1107756,1,1053,160.15039585333585
UNDE,2025,all_shots,1053,NA,FHD,1,1053,0.151139977068695,0.1512836462484181,761237.8898800054,0.8290499730731381,872.9896216460144,132.94363139678734
UNDE,2025,all_shots,1053,NA,FHD,2,1053,0.151139977068695,0.1512836462484181,621382.789765346,0.749077425742001,788.7785293063271,120.21596883163724
UNDE,2025,all_shots,1053,NA,cover,0,1053,0.21686776070639857,0.21707390876790658,1107756,1,1053,229.3617520238377
UNDE,2025,all_shots,1053,NA,cover,1,1053,0.21686776070639857,0.21707390876790658,713661.9341301867,0.8027400653131243,845.2852887747198,184.31512773463496
UNDE,2025,all_shots,1053,NA,cover,2,1053,0.21686776070639857,0.21707390876790658,557992.4418922316,0.7098661768143015,747.4890841854595,163.10628383977726
UNDE,2025,all_shots,1053,NA,PAI,0,1053,0.10244544826561004,0.10254282987042526,1107756,1,1053,108.87505702368738
UNDE,2025,all_shots,1053,NA,PAI,1,1053,0.10244544826561004,0.10254282987042526,544535.8341227738,0.7012600974738747,738.4268826399901,76.64847300343081
UNDE,2025,all_shots,1053,NA,PAI,2,1053,0.10244544826561004,0.10254282987042526,372507.8328670784,0.5800896509909632,610.8344024934843,63.57720417950107
UNDE,2025,all_shots,1053,NA,FHD_cover_PAI,0,1053,0.1854938081205411,0.1856701330332032,1107756,1,1053,196.32497995092976
UNDE,2025,all_shots,1053,NA,FHD_cover_PAI,1,1053,0.1854938081205411,0.1856701330332032,839297.1237146814,0.8704954840806293,916.6317447369026,171.0295129754238
UNDE,2025,all_shots,1053,NA,FHD_cover_PAI,2,1053,0.1854938081205411,0.1856701330332032,691740.7488395629,0.7903225871116383,832.2096842285551,155.3697434823477
WOOD,2024,all_shots,169,NA,FHD,0,169,0.06662345478114405,0.06702002296436514,28350,0.9992622768966233,168.87532479552934,12.251057565165963
WOOD,2024,all_shots,169,NA,FHD,1,169,0.06662345478114405,0.06702002296436514,18954.677080463713,0.8176147560850969,138.17689377838138,10.205822034442937
WOOD,2024,all_shots,169,NA,FHD,2,169,0.06662345478114405,0.06702002296436514,15107.110508667121,0.7302485391161443,123.41200311062839,9.22213400869136
WOOD,2024,all_shots,169,NA,cover,0,169,0.01562586113456142,0.01571887221274333,28392,1,169,3.6407705317408796
WOOD,2024,all_shots,169,NA,cover,1,169,0.01562586113456142,0.01571887221274333,20325.78451567236,0.8465645115534505,143.06940245253313,3.2355826153279637
WOOD,2024,all_shots,169,NA,cover,2,169,0.01562586113456142,0.01571887221274333,15951.18242006114,0.7502898241488827,126.79898028116118,2.981343257877416
WOOD,2024,all_shots,169,NA,PAI,0,169,0.004009824321736469,0.004033692323651567,28392,1,169,1.6776603103734633
WOOD,2024,all_shots,169,NA,PAI,1,169,0.004009824321736469,0.004033692323651567,20205.449492479846,0.8440636293843118,142.64675336594868,1.5719884210635247
WOOD,2024,all_shots,169,NA,PAI,2,169,0.004009824321736469,0.004033692323651567,15713.12656461053,0.7446923538486007,125.85300780041351,1.5046484516417875
WOOD,2024,all_shots,169,NA,FHD_cover_PAI,0,169,0.04121775440338577,0.041463098179596404,28392,1,169,7.965800494172195
WOOD,2024,all_shots,169,NA,FHD_cover_PAI,1,169,0.04121775440338577,0.041463098179596404,20545.488838772573,0.85111153012583185,143.83784859126558,6.928673117146173
WOOD,2024,all_shots,169,NA,FHD_cover_PAI,2,169,0.04121775440338577,0.041463098179596404,16433.32801685719,0.7615001055774268,128.69351784258512,6.3044578117434185
WOOD,2025,all_shots,366,NA,FHD,0,366,0.07044957580858768,0.07064258834504956,133500,0.9996635525726413,365.8768602415867,26.775869602197705
WOOD,2025,all_shots,366,NA,FHD,1,366,0.07044957580858768,0.07064258834504956,91148.01096562213,0.8262505538976741,302.40770272654873,22.304494378334844
WOOD,2025,all_shots,366,NA,FHD,2,366,0.07044957580858768,0.07064258834504956,71126.52083478418,0.7300437897055886,267.1960270322454,19.823846762161615
WOOD,2025,all_shots,366,NA,cover,0,366,0.025428568821019647,0.025498236132858055,133590,1,366,10.30685618849319
WOOD,2025,all_shots,366,NA,cover,1,366,0.025428568821019647,0.025498236132858055,86379.7650432884,0.8043846231317098,294.4047720662058,8.486292007722117
WOOD,2025,all_shots,366,NA,cover,2,366,0.025428568821019647,0.025498236132858055,63330.2849662457,0.6889496939598653,252.1555879893107,7.411955722790863
WOOD,2025,all_shots,366,NA,PAI,0,366,0.00667011410223394,0.006688388387445539,133590,1,366,3.4412617614176217
WOOD,2025,all_shots,366,NA,PAI,1,366,0.00667011410223394,0.006688388387445539,84874.04703587372,0.7973550168734578,291.83193617568554,2.9465523129676754
WOOD,2025,all_shots,366,NA,PAI,2,366,0.00667011410223394,0.006688388387445539,61111.73423095109,0.6767988584755258,247.70838220204243,2.652243173367398
WOOD,2025,all_shots,366,NA,FHD_cover_PAI,0,366,0.04625593559424533,0.0463826641849145,133590,1,366,17.92967242749379
WOOD,2025,all_shots,366,NA,FHD_cover_PAI,1,366,0.04625593559424533,0.0463826641849145,99752.683488663,0.8643084097663234,316.33687797447436,15.632458253671931
WOOD,2025,all_shots,366,NA,FHD_cover_PAI,2,366,0.04625593559424533,0.0463826641849145,79522.46789868461,0.771851712463265,282.497726761555,14.067196654603203
WREF,2024,all_shots,1277,NA,FHD,0,1277,0.0993050996254924,0.09938292493867852,1629450,0.9999993865369395,1276.9992166076718,127.8125344269006
WREF,2024,all_shots,1277,NA,FHD,1,1277,0.0993050996254924,0.09938292493867852,1077258.3881124693,0.8131642193889205,1038.4107081596514,104.11947882597231
WREF,2024,all_shots,1277,NA,FHD,2,1277,0.0993050996254924,0.09938292493867852,839543.307773564,0.7179061045464883,916.7660955058656,92.03954844748367
WREF,2024,all_shots,1277,NA,cover,0,1277,0.18870468755161937,0.18885257523778837,1629452,1,1277,241.97588600341794
WREF,2024,all_shots,1277,NA,cover,1,1277,0.18870468755161937,0.18885257523778837,1092811.0424483754,0.8190102966209181,1045.8761487849124,198.36173187414786
WREF,2024,all_shots,1277,NA,cover,2,1277,0.18870468755161937,0.18885257523778837,867206.4171052218,0.7296314156989645,931.7393178475777,176.8235768539861
WREF,2024,all_shots,1277,NA,PAI,0,1277,0.19258031135633288,0.19273123636523284,1629452,1,1277,246.9250576020371
WREF,2024,all_shots,1277,NA,PAI,1,1277,0.19258031135633288,0.19273123636523284,1240091.5532335343,0.8724307695158984,1114.0940926718022,215.55258724698683
WREF,2024,all_shots,1277,NA,PAI,2,1277,0.19258031135633288,0.19273123636523284,1061126.255360672,0.8070555584888991,1030.609948190324,199.4751847094267
WREF,2024,all_shots,1277,NA,FHD_cover_PAI,0,1277,0.1778402231332024,0.17797959634882404,1629452,1,1277,228.10196494109948
WREF,2024,all_shots,1277,NA,FHD_cover_PAI,1,1277,0.1778402231332024,0.17797959634882404,1284041.9593481745,0.8877493052294513,1133.6558627780094,202.60961159270428
WREF,2024,all_shots,1277,NA,FHD_cover_PAI,2,1277,0.1778402231332024,0.17797959634882404,1081155.3089551115,0.8146329713907785,1040.2863044660241,186.00474850865228
WREF,2025,all_shots,2325,NA,FHD,0,2325,0.11832450444704222,0.11837541860558226,5403290,0.9999990748381892,2324.99784899879,276.1042183232209
WREF,2025,all_shots,2325,NA,FHD,1,2325,0.11832450444704222,0.11837541860558226,3277842.9282239135,0.778916764261142,1810.9814769071552,215.28348581781177
WREF,2025,all_shots,2325,NA,FHD,2,2325,0.11832450444704222,0.11837541860558226,2440810.6707878294,0.6721761217364117,1562.8094830371572,185.91865762550987
WREF,2025,all_shots,2325,NA,cover,0,2325,0.24217115912837736,0.24227536358583363,5403298,0.9999998149677063,2324.999569799917,564.0478407914246
WREF,2025,all_shots,2325,NA,cover,1,2325,0.24217115912837736,0.24227536358583363,3856653.0928426837,0.8448758640554129,1964.3363839288352,476.7056190140913
WREF,2025,all_shots,2325,NA,cover,2,2325,0.24217115912837736,0.24227536358583363,3187609.034085514,0.7681237473286348,1785.887712539076,433.49049741871437
WREF,2025,all_shots,2325,NA,PAI,0,2325,0.19635192474318125,0.19643641352319122,5403300,1,2325,457.5182250278964
WREF,2025,all_shots,2325,NA,PAI,1,2325,0.19635192474318125,0.19643641352319122,4121319.7534343563,0.8733778264455936,2030.6034464860052,399.71289510766456
WREF,2025,all_shots,2325,NA,PAI,2,2325,0.19635192474318125,0.19643641352319122,3530007.972122938,0.8083146713555082,1879.3316109015566,370.01037903122403
WREF,2025,all_shots,2325,NA,FHD_cover_PAI,0,2325,0.20604433207285164,0.20613299142400174,5403300,1,2325,480.05307206938005
WREF,2025,all_shots,2325,NA,FHD_cover_PAI,1,2325,0.20604433207285164,0.20613299142400174,4280101.026151659,0.8900389519358042,2069.3405632507447,427.3758941862583
WREF,2025,all_shots,2325,NA,FHD_cover_PAI,2,2325,0.20604433207285164,0.20613299142400174,3633095.0722115473,0.8200292587735304,1906.568026648458,393.83753560223636
YELL,2024,all_shots,4773,NA,FHD,0,4773,0.17809142421394525,0.1781287442944595,22759724,0.9996260793127363,4771.21527655969,850.7125238338479
YELL,2024,all_shots,4773,NA,FHD,1,4773,0.17809142421394525,0.1781287442944595,16954312.40711263,0.8627826302177413,4118.061494029279,734.3914364722815
YELL,2024,all_shots,4773,NA,FHD,2,4773,0.17809142421394525,0.1781287442944595,14284734.950438375,0.7919579315033246,3780.0152070653685,674.1882917766426
YELL,2024,all_shots,4773,NA,cover,0,4773,0.2019011599566642,0.2019434695040147,22776756,1,4773,964.6742364731582
YELL,2024,all_shots,4773,NA,cover,1,4773,0.2019011599566642,0.2019434695040147,14672465.197966844,0.8026326073539529,3830.965434900417,774.4763650602807
YELL,2024,all_shots,4773,NA,cover,2,4773,0.2019011599566642,0.2019434695040147,11559414.12153204,0.7124269593705673,3400.4138770757177,687.5475061143251
YELL,2024,all_shots,4773,NA,PAI,0,4773,0.08055074157295078,0.08056762144335584,22776756,1,4773,385.4686895276941
YELL,2024,all_shots,4773,NA,PAI,1,4773,0.08055074157295078,0.08056762144335584,11528619.326113474,0.711477497537428,3395.8820957461435,274.5408211066581
YELL,2024,all_shots,4773,NA,PAI,2,4773,0.08055074157295078,0.08056762144335584,7490520.971352124,0.5735138613225987,2737.381660092764,221.49812268866722
YELL,2024,all_shots,4773,NA,FHD_cover_PAI,0,4773,0.17916881914895705,0.17920636500376613,22776756,1,4773,856.172773797972
YELL,2024,all_shots,4773,NA,FHD_cover_PAI,1,4773,0.17916881914895705,0.17920636500376613,17600365.12845762,0.8790653549739955,4195.778939290881,752.7527579628106
YELL,2024,all_shots,4773,NA,FHD_cover_PAI,2,4773,0.17916881914895705,0.17920636500376613,14562864.679177558,0.7996296239114844,3816.632194929515,684.8214834914133
YELL,2025,all_shots,2922,NA,FHD,0,2922,0.21291598847893048,0.21298887995050836,8526790,0.9995095218567871,2920.566822865532,622.8353720091842
YELL,2025,all_shots,2922,NA,FHD,1,2922,0.21291598847893048,0.21298887995050836,6432970.935373701,0.8681828403570615,2536.8302595233336,541.1317223096723
YELL,2025,all_shots,2922,NA,FHD,2,2922,0.21291598847893048,0.21298887995050836,5503566.405093415,0.8030349658089783,2346.4681700938345,500.60058986987593
YELL,2025,all_shots,2922,NA,cover,0,2922,0.17458783898991434,0.17464760887659353,8535162,1,2922,511.1456655285297
YELL,2025,all_shots,2922,NA,cover,1,2922,0.17458783898991434,0.17464760887659353,4723132.499439292,0.7439346204832208,2173.7769610519713,380.51502207612685
YELL,2025,all_shots,2922,NA,cover,2,2922,0.17458783898991434,0.17464760887659353,3514401.501028574,0.6417432484238008,1875.173771894346,328.38253656560045
YELL,2025,all_shots,2922,NA,PAI,0,2922,0.070518173330908,0.07054231512253104,8535162,1,2922,207.05410247291317
YELL,2025,all_shots,2922,NA,PAI,1,2922,0.070518173330908,0.07054231512253104,3519831.585723446,0.6422387020752284,1876.6214874638172,133.33591932947985
YELL,2025,all_shots,2922,NA,PAI,2,2922,0.070518173330908,0.07054231512253104,2194904.9547203677,0.5071941296372973,1482.0212468001826,105.50943116194365
YELL,2025,all_shots,2922,NA,FHD_cover_PAI,0,2922,0.1836912336799953,0.18375412010028971,8535162,1,2922,537.7457848129462
YELL,2025,all_shots,2922,NA,FHD_cover_PAI,1,2922,0.1836912336799953,0.18375412010028971,6406272.183088929,0.8663797135441033,2531.5615229758696,466.0256592922452
YELL,2025,all_shots,2922,NA,FHD_cover_PAI,2,2922,0.1836912336799953,0.18375412010028971,5278908.009071104,0.7864775792972885,2298.087486706677,423.13852553770926
