"siteID","taxonID","scientificName","LMA_gm2","N_pct","C_pct","d13C","d15N","chlorophyll_mgg","carotenoids_mgg","lignin_pct","cellulose_pct","EWT_g_cm2","n_samples"
"ABBY","ABPR","Abies procera Rehder",243.9,1.38,50.68,-30.2,-3.9,0.697390338700722,0.152137701277068,15.13,16.65,0.000359370762137239,2
"ABBY","ACCI","Acer circinatum Pursh",60.2,1.63,50.4,-28.7,-4,4.23714274261434,0.829822557154501,6.54,9.415,7.37282793149275e-05,3
"ABBY","ALRU2","Alnus rubra Bong.",85.1333333333333,2.53666666666667,51.85,-28.5333333333333,-1.26666666666667,2.96608059321735,0.65245776719808,11.5966666666667,10.5866666666667,0.000123819056222938,4
"ABBY","COCOC","Corylus cornuta Marshall var. californica (A. DC.) Sharp",89.2,2.2,49.56,-28.5,-2.5,1.99551569506726,0.432735426008969,6.77,12.33,9.31069759009621e-05,2
"ABBY","FRPU7","Frangula purshiana (DC.) A. Gray",70.95,2.78,47.815,-29.35,-5,6.73317058165182,1.61280196872812,4.2,9.68,0.000130639055373079,3
"ABBY","HODI","Holodiscus discolor (Pursh) Maxim.",48.9,2.32,48.88,-29.5,-3.3,8.2339514978602,1.57489300998573,21.26,14.77,5.99802645581131e-05,1
"ABBY","PREM","Prunus emarginata (Douglas ex Hook.) D. Dietr.",52.25,2.635,49.785,-30.1,-3.35,6.12811447811448,1.39471099887767,7.66,11.08,8.42010062195627e-05,3
"ABBY","PSMEM","Pseudotsuga menziesii (Mirb.) Franco var. menziesii",157.7,1.332,52.235,-28.52,-2.5,1.09723221583551,0.176599634252806,13.206,14.196,0.000252109582825583,7
"ABBY","THPL","Thuja plicata Donn ex D. Don",174.3,1.565,53.335,-27.2,-3.15,1.3465843882974,0.222743083143528,14.595,21.155,0.000270252124302882,2
"ABBY","TSHE","Tsuga heterophylla (Raf.) Sarg.",138.466666666667,1.28333333333333,52.1283333333333,-29.2833333333333,-3.98333333333333,1.0634962690531,0.22076625238555,12.2466666666667,12.2066666666667,0.000207129264466163,3
"ABBY","VAPA","Vaccinium parvifolium Sm.",35.5,2.33,50.25,-33.9,-2.5,8.91884456671252,1.51856946354883,13.56,16.37,7.65674126132791e-05,1
"BARR","","",61.605,2.301,48.734125,-29.34625,1.82,1.6132241099978,0.478115912461538,4.32075,24.50475,0.000137131874933479,40
"BART","ACRU","Acer rubrum L.",106.54,1.458,52.232,-27.46,-4.36,1.67282413893664,0.485674058296675,9.982,9.822,0.000105412701378783,5
"BART","ACSAS","Acer saccharum Marshall var. saccharum",109,1.53333333333333,50.4766666666667,-27.3666666666667,-4,1.99436765437946,0.477316717908557,8.18,11.5566666666667,0.000111820470937123,3
"BART","BEAL2","Betula alleghaniensis Britton",95.7333333333333,2.07666666666667,50.1033333333333,-28.2,-2.63333333333333,4.23825242262295,0.770136859493889,19.9333333333333,10.35,0.000116742815645357,3
"BART","BEPAC2","Betula papyrifera Marshall var. cordifolia (Regel) Fernald",92.4,2.065,51.265,-28,-2.25,2.36642487046632,0.446614853195164,14.155,11.855,0.000117159331364574,2
"BART","BEPAP","Betula papyrifera Marshall var. papyrifera",110.2,1.745,51.88,-28,-2.56666666666667,1.90285502435432,0.428281908532762,13.61,9.25333333333333,0.000117100995339085,3
"BART","FAGR","Fagus grandifolia Ehrh.",92.98,1.654,51.745,-27.51,-1.41,2.78754071281741,0.719642977477375,22.222,16.78,7.43064191608084e-05,5
"BART","FRAM2","Fraxinus americana L.",111.8,1.74,49.1166666666667,-25.9333333333333,-2.06666666666667,1.9330719503532,0.454651391722401,12.5,19.9666666666667,0.000120028530355973,3
"BART","FRPE","Fraxinus pennsylvanica Marshall",125.9,1.65,48.93,-27,-3.1,1.98410896708286,0.506242905788876,10.62,19.67,0.000112530413625304,1
"BART","PIRE","Pinus resinosa Aiton",239.9,0.96,53.8,-30.6,-2.3,0.8224,0.1408,24.29,20.83,0.000387152034261242,1
"BART","PIRU","Picea rubens Sarg.",264.333333333333,0.776666666666667,52.3066666666667,-27.3666666666667,-4.56666666666667,0.659889562700437,0.142355379035708,21.4633333333333,19.1733333333333,0.000430161788605541,3
"BART","PIST","Pinus strobus L.",187.4,1.52,52.58,-25.5,2.7,0.584615384615385,0.0882051282051282,17.99,17.74,0.000211914506593906,1
"BART","POGR4","Populus grandidentata Michx.",83.9,2.72,51.325,-30.55,-1.1,10.1646569746486,1.85052505106332,15.5,17.215,9.00377809365067e-05,2
"BART","POTR5","Populus tremuloides Michx.",120.55,2.175,52.22,-28.75,-0.8,4.82314651368049,1.04187812591939,14.295,15.945,0.000117412770762178,2
"BART","QURU","Quercus rubra L.",95.6,2.05,50.56,-28.9,-3.4,3.33709981167608,0.621468926553672,13.49,13.82,0.000105784879420033,1
"BART","TIAM","Tilia americana L.",78.4,2.43,48.94,-27.6,-2.6,2.12641083521445,0.566591422121896,8.02,10.59,9.84872149582757e-05,1
"BART","TSCA","Tsuga canadensis (L.) Carrière",153.84,0.963,52.26,-26.76,-3.06,0.491530304108996,0.146744470451554,10.906,13.32,0.00077548131569827,5
"BLAN","","",46.85,2.07714285714286,47.5714285714286,-23.1,1.80714285714286,2.20080391408643,0.451718067147406,4.73714285714286,28.8292857142857,0.000136578438997908,14
"BLAN","ACNEN","Acer negundo L. var. negundo",60.02,2.308,50.262,-28.22,-0.82,2.03830472564915,0.363214485980783,11.928,15.498,0.000121862642920636,5
"BLAN","AIAL","Ailanthus altissima (Mill.) Swingle",86.925,2.00875,51.26375,-27.6125,2.9875,1.84327183248723,0.438070160730314,8.965,10.595,0.000145597643027464,4
"BLAN","ASTR","Asimina triloba (L.) Dunal",47.3,2.98333333333333,50.61,-28.4666666666667,-0.566666666666667,5.98911718577632,1.17746420878541,9.4,14.1533333333333,9.2013878408481e-05,3
"BLAN","CACO15","Carya cordiformis (Wangenh.) K. Koch",89.575,2.3675,49.7,-27,-0.5,4.11729275425926,0.844031341528925,7.95,11.6625,0.000106971017011313,4
"BLAN","CAGL8","Carya glabra (Mill.) Sweet",102.5,2.42,49.41,-26.4,-1.2,4.09928571428571,0.867857142857143,5.3,16.24,0.000130473420584909,1
"BLAN","CATO6","Carya tomentosa (Lam.) Nutt.",119.3,1.84,51.17,-28.5,-1.8,4.73858921161826,1.0954356846473,13.5,16.55,0.000149343110296364,1
"BLAN","CEOC","Celtis occidentalis L.",76.7,2.695,46.9425,-27.2,-0.175,2.41042277872414,0.602195227916875,6.525,10.895,9.55461661374188e-05,4
"BLAN","CEOR7","Celastrus orbiculatus Thunb.",58.1,1.83,47.11,-29.1,0,2.94351918899348,0.881969587255612,2.5,9.76,0.000122484470808118,1
"BLAN","ELUM","Elaeagnus umbellata Thunb.",75.1,3.48,51.8,-27.6,-0.7,1.75,0.469444444444444,11.7,11.95,0.000120062772977368,1
"BLAN","FRAM2","Fraxinus americana L.",108.466666666667,2.01,50.8766666666667,-26.1666666666667,-0.616666666666667,2.35951223374297,0.460063811939595,10.5833333333333,17.2733333333333,0.000122963244807137,3
"BLAN","JUNI","Juglans nigra L.",84.4,2.57166666666667,51.3116666666667,-27.7833333333333,-1.13333333333333,2.04137914230817,0.538034176001076,7.5,10.775,0.000135190207868406,6
"BLAN","JUVIV","Juniperus virginiana L. var. virginiana",290.32,1.386,53.072,-26.12,-1.02,1.2643774809491,0.287147252737757,13.668,15.678,0.000357272761224198,5
"BLAN","LITU","Liriodendron tulipifera L.",87.26,2.332,50.924,-27.78,-1.38,2.45202506097075,0.508322106028766,11.498,14.466,0.000160764633061569,5
"BLAN","LOMA6","Lonicera maackii (Rupr.) Herder",109.066666666667,1.94333333333333,48.76,-27.7166666666667,-0.0166666666666667,2.37823345040158,0.509248034294801,5.91833333333333,8.34333333333333,0.000135515487572533,6
"BLAN","MAPO","Maclura pomifera (Raf.) C.K. Schneid.",42.3,3.75,50.62,-27.5,-1,4.10912052117264,0.938110749185668,5.36,13.11,0.000132864856231994,1
"BLAN","PIST","Pinus strobus L.",137.15,1.51,54.87,-26.05,-1.65,1.20960034665159,0.222900903774955,16.835,15.57,0.000151661957312904,2
"BLAN","PLOC","Platanus occidentalis L.",98.8,1.24,53.01,-27.6,-1.7,0.941458733205374,0.293666026871401,18.7,13.42,0.000109472203292959,1
"BLAN","PRSES","Prunus serotina Ehrh. var. serotina",94.35,2.278,52.59,-27.96,-1.32,2.65013465754884,0.615832202213795,11.712,11.846,0.00010085289812689,5
"BLAN","QUAL","Quercus alba L.",105.975,2.5525,52.3875,-28.775,-1.05,4.02835448380991,0.869935229276396,11.315,12.9475,0.000104247502341174,4
"BLAN","QUMU","Quercus muehlenbergii Engelm.",98.45,2.39,52.965,-27.7,0.6,4.04671449770209,0.680691821181081,12.5,13.51,0.000114430459508971,2
"BLAN","QURU","Quercus rubra L.",95.3,2.435,53.465,-26.85,-1.05,2.05131974424832,0.371320381805927,16.145,14.145,0.000114027355793092,2
"BLAN","QUVE","Quercus velutina Lam.",132.3,2.23,52.97,-26.8,-1.8,1.28650036683786,0.34446074834923,18.25,15.2,0.000169157127076681,1
"BLAN","RHDA","Rhamnus davurica Pall.",94.6666666666667,2.09,47.2125,-28.4583333333333,-1.00833333333333,1.93767149895701,0.496525780026111,4.93666666666667,9.41166666666667,0.000158211993422939,6
"BLAN","ROPS","Robinia pseudoacacia L.",65.4666666666667,3.33666666666667,52.61,-27.6333333333333,0.0666666666666667,2.33594113366798,0.545819098858202,14.3766666666667,11.7466666666667,9.27436794921795e-05,3
"BLAN","SAAL5","Sassafras albidum (Nutt.) Nees",75.3,2.43,51.36,-27.2,-1.1,1.70341207349081,0.496062992125984,11.12,7.65,0.000117798554496568,1
"BLAN","TEDA","Tetradium daniellii (Benn.) T.G. Hartley",80.3,2.0675,46.2675,-28.6,1.325,2.96130294202852,0.576791913803813,5.1775,10.8975,0.000128115291514961,4
"BLAN","ULMUS","Ulmus sp.",80.1,1.765,48.29,-29,-1.55,2.64961839607719,0.612881603922809,8.615,12.33,0.000102495574206949,2
"BONA","","",88.4,1.81,51.865,-29.1,3.9,4.12264569934217,0.927187282348802,15.57,16.68,0.000122213681905487,2
"BONA","ALVI5","Alnus viridis (Chaix) DC.",73.2,2.565,49.175,-29.25,-0.4,3.20233474928288,0.652670580121322,12.22,11.14,0.000107340067620051,2
"BONA","BEGL/BENA","Betula glandulosa/nana",9.6,1.81,51.88,-30.5,-3.1,1.39109281437126,0.336826347305389,19.49,10.19,3.28483291571035e-05,1
"BONA","BENE4","Betula neoalaskana Sarg.",65.31,2.5975,49.607,-30.815,-2.55,4.77620277701322,0.941700838698893,14.312,10.217,0.000100399453847863,10
"BONA","LALA","Larix laricina (Du Roi) K. Koch",64.8,2.45,51.09,-28.4,0.3,0.780427046263345,0.169750889679715,25.08,16.78,0.000111607142857143,1
"BONA","PIGL","Picea glauca (Moench) Voss",269.257142857143,1.42714285714286,49.08,-30.5428571428571,-2.88571428571429,1.76622067917819,0.254668869408777,13.5528571428571,15.45,0.000359220506186911,7
"BONA","PIMA","Picea mariana (Mill.) Britton, Sterns & Poggenb.",243.2,1.05666666666667,49.6055555555556,-29.2333333333333,-3.17777777777778,1.52811570824939,0.243664521715637,12.37,15.8788888888889,0.000297649898969148,9
"BONA","POBA2","Populus balsamifera L.",71.65,1.895,46.84,-30.9,1.1,3.72887974176759,0.880441147032329,14.295,14.685,0.000121182606593389,2
"BONA","POTR5","Populus tremuloides Michx.",75.47,3.01,49.243,-31.02,-1.41,6.90579376018172,1.36188010436269,14.417,13.79,0.000112196455282855,10
"CLBJ","","",66.6,1.30153846153846,43.2553846153846,-23.9384615384615,-3.67692307692308,2.57758384174688,0.647581937346807,8.09,28.5038461538462,0.000109414573399223,13
"CLBJ","CELA","Celtis laevigata Willd.",64.28,2.428,44.014,-27.06,-1.36,4.63668444296826,1.0168130449988,6.982,13.242,9.08824699289247e-05,5
"CLBJ","JUVI","Juniperus virginiana L.",420.56,1.194,50.537,-26.49,-1.97,1.43834213775192,0.257696642195536,15.205,13.31,0.000413253537514424,10
"CLBJ","MORU2","Morus rubra L.",52.15,3.715,43.575,-27.6,-2.15,3.37413470176201,0.910253820816477,4.235,12.52,0.000129742156874353,2
"CLBJ","PODE3","Populus deltoides W. Bartram ex Marshall",114.5,1.85,46.8,-29.1,-2.3,1.62605042016807,0.382878151260504,12.33,16.61,0.000170590242238144,1
"CLBJ","PRME","Prunus mexicana S. Watson",61.82,1.921,46.606,-29.05,-1.81,4.26259661111328,1.0561552320209,8.422,9.894,0.000100804112959412,5
"CLBJ","QUFU","Quercus fusiformis Small",144.5,1.38333333333333,48.3566666666667,-29.5666666666667,-3.03333333333333,1.15144207817907,0.219025590912341,16.8366666666667,22.7633333333333,0.000160173562785111,3
"CLBJ","QUMA3","Quercus marilandica Münchh.",114.42,1.796,49.07,-29.12,-1.87,3.89622351477219,0.715478965028246,16.96,17.305,0.000119633250256721,10
"CLBJ","QUSH","Quercus shumardii Buckley",81.35,2.065,49.265,-27.9,-2.2,4.05542002280934,0.775313186359971,14.5975,14.5725,9.61915101335616e-05,4
"CLBJ","QUST","Quercus stellata Wangenh.",117.14,2.0005,48.58,-28.73,-2.41,2.92829518744535,0.553974700361572,16.54,16.957,0.000132676311891152,10
"CLBJ","SILA20","Sideroxylon lanuginosum Michx.",95.3,2.29166666666667,48.64,-28.6333333333333,-0.716666666666667,2.88499195723748,0.645692209060441,12.7016666666667,17.3483333333333,0.000105960339978401,6
"CLBJ","ULAL","Ulmus alata Michx.",81.52,2.124,45.738,-27.4,-2.48,4.36493172836086,0.85059948458486,14.926,15.732,0.000100008571133739,5
"CLBJ","ULCR","Ulmus crassifolia Nutt.",106.816666666667,1.82666666666667,44.7683333333333,-28.3333333333333,-2.2,2.3621847839297,0.516781105275052,10.615,15.2566666666667,0.000107776151819563,6
"CPER","","",162.785,2.5275,44.872,-25.8725,1.1075,2.58412365174327,0.669955386397314,3.05944444444444,26.1566666666667,0.000259760798601468,20
"DCFS","","",76.1925,1.73175,45.722375,-27.9575,-0.13,3.07870515414668,0.739304927559022,4.7305,26.121,0.000123100537326076,40
"DEJU","","",110.94,1.496,53.104,-29.16,-1.86,1.54312751597257,0.346254727774993,13.392,15.728,9.82619579409279e-05,5
"DEJU","ALVI5","Alnus viridis (Chaix) DC.",81.8333333333333,3.1,49.6066666666667,-27.2666666666667,-1.23333333333333,6.48997793302668,1.24682738086816,18.3133333333333,14.9833333333333,6.96830268377383e-05,3
"DEJU","BENE4","Betula neoalaskana Sarg.",65.8333333333333,2.35333333333333,51.0166666666667,-28.3333333333333,-2.5,4.42594983942722,0.906587210560842,19.4,14.1866666666667,7.75725583949511e-05,3
"DEJU","BEOC2","Betula occidentalis Hook.",44.1,3.56,49.65,-29.5,3.4,5.24555160142349,0.927639383155398,17.27,13.18,3.33808878521386e-05,1
"DEJU","PIGL","Picea glauca (Moench) Voss",275.177777777778,0.754444444444444,50.9133333333333,-28.5,-4.22222222222222,0.615033645225539,0.125967869035466,14.0722222222222,16.4755555555556,0.000226875619061526,9
"DEJU","PIMA","Picea mariana (Mill.) Britton, Sterns & Poggenb.",280.359459459459,0.767567567567568,51.6458108108108,-28.4756756756757,-5.77837837837838,0.574066632994273,0.120382199860558,13.9281081081081,17.9063513513514,0.000252046291408085,37
"DEJU","POTR5","Populus tremuloides Michx.",79.1555555555556,2.23833333333333,51.3027777777778,-30.3333333333333,-2.31666666666667,3.43582506507868,0.889046823932416,20.4577777777778,14.8811111111111,6.39168189140236e-05,9
"DELA","ACNE2","Acer negundo L.",64.1,1.67,48.88,-27.5,1,1.52554179566563,0.397058823529412,10.8,13.72,0.000108283475183281,1
"DELA","ACRU","Acer rubrum L.",74.8,1.92555555555556,50.76,-29.2777777777778,2.52222222222222,5.83031123619257,1.04462878088324,10.0455555555556,11.4277777777778,0.000102952997447769,9
"DELA","ACSA2","Acer saccharinum L.",97.2,1.89,49.93,-25.7,4.4,2.23056994818653,0.593264248704663,7.57,7.36,9.65909710336106e-05,1
"DELA","BENI","Betula nigra L.",90.3,1.66,50.53,-29.6,3.9,1.34384164222874,0.345307917888563,32.43,11.77,0.00010755240789465,1
"DELA","CACO15","Carya cordiformis (Wangenh.) K. Koch",99.25,2.125,46.05,-26.55,2.75,1.75224475946313,0.438406725984014,11.61,12.655,0.000125329951499166,2
"DELA","CAOV2","Carya ovata (Mill.) K. Koch",77.65,2.1325,48.5125,-28.475,1.5,7.9406811350671,1.58207721946443,12.5075,17.905,0.000102487018387221,4
"DELA","CATO6","Carya tomentosa (Lam.) Nutt.",68.2888888888889,2.07111111111111,46.9444444444444,-28.8888888888889,2.17777777777778,7.17192906290452,1.23256461403752,9.93,17.4688888888889,9.72734998116041e-05,9
"DELA","CELA","Celtis laevigata Willd.",51.1,2.8,45.5633333333333,-26.9333333333333,2.8,4.91690624114058,1.05791924469816,7.34,11.76,7.93701950138922e-05,6
"DELA","DIVI5","Diospyros virginiana L.",90.7,1.45,51.24,-29.4,2.4,1.05992329817833,0.558005752636625,26.91,15.15,0.000134294075076303,1
"DELA","FRPE","Fraxinus pennsylvanica Marshall",76.7818181818182,2.40090909090909,49.4436363636364,-27.3909090909091,3.73181818181818,4.38005369515385,0.96279995320419,22.63,15.8072727272727,0.000130863318688833,11
"DELA","LIST2","Liquidambar styraciflua L.",92.0333333333333,1.73,50.4933333333333,-29.4166666666667,1.96666666666667,4.32745973353025,0.853842676144776,17.4833333333333,14.24,0.000152113422463832,6
"DELA","NYBI","Nyssa biflora Walter",40.9,2.24,49.26,-31,3.4,7.99004149377593,1.12199170124481,5.44,12.19,9.9238011649246e-05,1
"DELA","PITA","Pinus taeda L.",247.04,1.288,50.384,-29.64,2.38,2.38530872753938,0.437299265762976,15.446,19.2,0.000340068850412934,5
"DELA","PLOC","Platanus occidentalis L.",70.26,2.014,50.072,-27.72,2.94,5.58447704149715,1.07552695221735,23.914,14.22,0.000111682734090427,5
"DELA","QUAL","Quercus alba L.",71.3,2.39,49.5916666666667,-29.7666666666667,1.36666666666667,7.39168874288959,1.28610077831029,12.8933333333333,15.5366666666667,9.63935867051219e-05,3
"DELA","QULY","Quercus lyrata Walter",76.775,2.40375,51.42875,-28.5,6.6625,6.9914062116048,1.19367466077266,22.265,16.6925,9.13331960499573e-05,4
"DELA","QUMI","Quercus michauxii Nutt.",108.34,2.006,51.26,-28.56,3.64,6.13689396271992,1.20586794072388,20.498,17.646,9.90573038445225e-05,5
"DELA","QUNI","Quercus nigra L.",101.04,1.902,50.99,-28.82,3.26,4.82780315321029,0.82840278304074,17.518,18.104,0.000114063654224203,5
"DELA","QUPA5","Quercus pagoda Raf.",100.9,2.145,50.5425,-28.9,2.325,8.3412743152062,1.49351499898918,25.025,18.04,0.000105403622286304,4
"DELA","TADI2","Taxodium distichum (L.) Rich.",106.8,1.98666666666667,50.7933333333333,-27.5666666666667,4.6,1.20183883224392,0.218373124821592,15.3233333333333,12.1766666666667,0.000208403542139896,3
"DELA","TIAMA","Tilia americana L. var. americana",77.2,2.2,50.4,-27.1,1.9,2.15544675642595,0.515911872705018,18.38,11.76,0.000134207965851668,1
"DELA","TRSE6","Triadica sebifera (L.) Small",66.55,2.105,48.15,-28.25,5.15,6.15315608169068,1.28198225660934,1.515,6.75,0.000104513900761071,2
"DELA","ULAM","Ulmus americana L.",37.6,3.18,46.73,-30.2,4.9,9.18878048780488,1.47170731707317,15.22,14.91,8.62886354856997e-05,1
"DSNY","","",89.4210526315789,0.873947368421053,47.4821052631579,-21.5157894736842,-1.86578947368421,1.78656293947021,0.403590826535878,11.2078947368421,34.9984210526316,0.000143213590946645,19
"DSNY","ASRE7","Asimina reticulata Shuttlw. ex Chapm.",107.7,1.395,47.26,-31.4,1.1,1.19711785898096,0.288214101904272,8.15,31.2,0.000126890439461716,1
"DSNY","BERA3","Bejaria racemosa Vent.",95.2,1.22,57.785,-29.8,-0.65,1.11583275503418,0.310839053327818,33.735,10.425,0.00013825650881235,2
"DSNY","CAAM2","Callicarpa americana L.",72.3,2,50.72,-27.2,0,1.74271012006861,0.406518010291595,14.17,18.51,0.000128631219782879,1
"DSNY","GAFR2","Gaylussacia frondosa (L.) Torr. & A. Gray ex Torr.",73.6,1.2,52.58,-33.1,-0.7,1.15585672797677,0.329138431752178,28.58,30.35,0.000106761565836299,1
"DSNY","GANA","Gaylussacia nana (A. Gray) Small",64.7,1.03,51.82,-30.8,-1.6,1.04557179707653,0.302665520206363,11.57,15.57,8.10720516722967e-05,1
"DSNY","GOLA","Gordonia lasianthus (L.) Ellis",182.6,1.21,53.38,-27.7,-3.1,1.07941929974381,0.40136635354398,13.57,16.67,0.000222730485314905,1
"DSNY","HYFA","Hypericum fasciculatum Lam.",132.4,1.04,55.23,-29.6,-5.4,0.5288926843154,0.182749786507259,23.92,12.97,0.000127920733510796,1
"DSNY","ILGL","Ilex glabra (L.) A. Gray",139.028571428571,0.982857142857143,53.8242857142857,-27.9142857142857,-3.9,1.0149684504077,0.362458862783526,14.7078571428571,14.5964285714286,0.000162809081225884,7
"DSNY","LYFR3","Lyonia fruticosa (Michx.) G.S. Torr.",154.65,0.94,54.77,-29.1,-2.25,1.0718695352753,0.241036679682852,25.375,21.565,0.000176041461706383,2
"DSNY","LYLU3","Lyonia lucida (Lam.) K. Koch",182.728571428571,0.757142857142857,53.6714285714286,-29.1428571428571,-2.54285714285714,0.7225462418993,0.227360963078284,17.0414285714286,19.95,0.000177929457229446,7
"DSNY","MOCE2","Morella cerifera (L.) Small",99.4,1.72333333333333,52.7466666666667,-29.6666666666667,-1.5,1.11330639665566,0.304006408814747,25.89,16.9333333333333,0.000137574763326906,3
"DSNY","PEBO","Persea borbonia (L.) Spreng.",91.4,1.21,53.15,-27.1,-4.5,0.808752025931929,0.188006482982172,19.83,18.69,0.0001245170360979,1
"DSNY","PEPA37","Persea palustris (Raf.) Sarg.",92.3,1.32,51.61,-28.3,-7.2,0.854279105628373,0.232845026985351,20.47,13.9,0.000127123585895891,1
"DSNY","PIELD","Pinus elliottii Engelm. var. densa Little & Dorman",313.48,0.821,52.23,-28.54,-2.89,0.693012081330123,0.140120902088065,20.986,24.23,0.000426569691200513,5
"DSNY","PIPA2","Pinus palustris Mill.",288.26,0.672,51.281,-27.36,-3.63,0.588936052710538,0.144574203510706,18.026,27.156,0.000390140146669939,5
"DSNY","QUCH","Quercus chapmanii Sarg.",141.6,1.34,50.64,-27.95,-3.7,1.93195546743268,0.439975686873292,24.63,21.575,0.0001231507864437,2
"DSNY","QUGE2","Quercus geminata Small",208.2,1.36333333333333,50.4933333333333,-28.0666666666667,-3.5,2.51603587079508,0.556357814204441,23.4466666666667,25.97,0.000169394655905789,3
"DSNY","QUMI2","Quercus minima (Sarg.) Small",174.633333333333,1.06,49.5575,-30.525,-2.4,1.67353231261227,0.399451291551062,23.6025,26.3225,0.000141177280887359,4
"DSNY","QUMY","Quercus myrtifolia Willd.",143.58,1.322,51.864,-27.9,-3.54,1.28324713104183,0.306803584484139,24.522,22.374,0.000130120680817985,5
"DSNY","QUNI","Quercus nigra L.",116.2,1.46,50.94,-28.3,-1.7,1.6170531039641,0.287210172026926,15.17,21.56,0.000112792931787132,1
"DSNY","QUPU80","Quercus pumila Walter",128.5,1.55,51.32,-29.8,-1.6,1.10887096774194,0.260752688172043,23.6,23.47,9.47381897324286e-05,1
"DSNY","QUVI","Quercus virginiana Mill.",156,1.5,51.18,-30.5,-1.9,4.48,0.8448,18.5,24.7,0.000156601807977955,1
"DSNY","RHCO","Rhus copallinum L.",108.5,1.81,53.41,-26.9,-5,1.66340933767644,0.395222584147666,11.01,8.57,0.000165494729206397,1
"DSNY","SAPA","Sabal palmetto (Walter) Lodd. ex Schult. & Schult. f.",265.6,1.19,48.17,-29.7,-3.6,0.943325526932084,0.317564402810304,16.21,34.66,0.000228157481707907,1
"DSNY","SERE2","Serenoa repens (W. Bartram) Small",225.357142857143,1.05321428571429,49.3846428571429,-28.05,-1.35357142857143,1.48670236304363,0.46536647335741,15.9228571428571,37.7457142857143,0.000246447212559444,14
"DSNY","TAAS","Taxodium ascendens Brongn.",203.2,1.85,50.95,-26.5,-2.6,0.675105485232067,0.154008438818565,10.67,18.2,0.00043272207160088,1
"DSNY","VIRO3","Vitis rotundifolia Michx.",53.7,1.5,48.19,-30,-3.7,1.40242763772176,0.19047619047619,14.33,22.26,0.000128929654560249,1
"GRSM","ABFR","Abies fraseri (Pursh) Poir.",166.05,1.15,46.75,-30.1,-1.1,1.6185482485935,0.20038811968701,8.495,9.895,0.00013523240611845,2
"GRSM","ACRU","Acer rubrum L.",74.95,1.56666666666667,47.895,-28.4458333333333,-5.42916666666667,2.31123929753468,0.389911131508051,8.59666666666667,10.6458333333333,0.000156027776314863,12
"GRSM","ACRUR","Acer rubrum L. var. rubrum",78.4,1.9,47.3,-26.4,-2.8,2.8,0.206666666666667,8.06,7.48,9.11152077638633e-05,1
"GRSM","ACSA3","Acer saccharum Marshall",82.4,1.69,50.66,-27.7,-2.8,2.07740324594257,0.444444444444444,9.39,12.77,8.88768235682924e-05,1
"GRSM","BEAL2","Betula alleghaniensis Britton",41.3666666666667,3.73333333333333,46.1866666666667,-28.1666666666667,-2.73333333333333,2.36457740449589,0.223582466084147,10.2933333333333,6.14333333333333,0.000214623202480663,3
"GRSM","BELE","Betula lenta L.",44.4857142857143,2.31285714285714,47.4871428571429,-29.7071428571429,-2.82857142857143,4.26694024500579,0.538279572629878,14.8028571428571,13.26,0.000102514510499765,7
"GRSM","CACO15","Carya cordiformis (Wangenh.) K. Koch",78.3,2.31,47.42,-27.9,-0.5,2.581589958159,0.51255230125523,8.11,12.62,0.000613221796212385,1
"GRSM","CAGL8","Carya glabra (Mill.) Sweet",91.9666666666667,2.22666666666667,47.6633333333333,-27.7,-2.36666666666667,2.14800737248139,0.368984022015299,10.41,16.8333333333333,0.000582963602709713,3
"GRSM","HATE3","Halesia tetraptera Ellis",36.75,2.06,47.885,-30.15,-2.025,2.65612630076986,0.297201269489924,8.3325,11.3525,7.7297049399189e-05,4
"GRSM","JUNI","Juglans nigra L.",66.1,2.365,46.945,-28.5,-2.4,2.78396028414595,0.582854375201808,7.785,13.055,0.000304597782192548,2
"GRSM","LIST2","Liquidambar styraciflua L.",80.2,1.655,49.92,-28.5,-4.8,1.58892022390292,0.32907023754351,16.49,15.025,0.000430104435767952,2
"GRSM","LITU","Liriodendron tulipifera L.",54.68,2.275,46.189,-29.22,-3.88666666666667,2.39307449239146,0.364700154785025,12.2126666666667,14.492,0.000183758524959481,15
"GRSM","MAAC","Magnolia acuminata (L.) L.",59.5,2.18,47.22,-28.4,-2.4,7.87257617728532,1.46260387811634,8.11,16.23,0.000140559400885056,1
"GRSM","OXAR","Oxydendrum arboreum (L.) DC.",37.9666666666667,2.00166666666667,46.2066666666667,-29.4333333333333,-3.38333333333333,1.54644683976125,0.209467856301819,6.64833333333333,13.4416666666667,0.000153524699233669,6
"GRSM","PIPU5","Pinus pungens Lamb.",277.7,1,53,-29.1,-4.5,0.814266487213997,0.100942126514132,15.45,19.51,0.00281527231892195,1
"GRSM","PIRU","Picea rubens Sarg.",382.7,0.9175,47.8725,-29.075,-2.4,1.10355533745816,0.0770935657627017,15.0175,14.7675,0.00233897819686471,4
"GRSM","PLOC","Platanus occidentalis L.",78.6666666666667,1.89333333333333,49.9916666666667,-27.1,-0.483333333333333,2.26613032797606,0.435570890747954,24.02,15.8566666666667,0.000260577212429518,3
"GRSM","PRSE2","Prunus serotina Ehrh.",67.7,1.85,48.1,-28,-3.7,2.64411366711773,0.454668470906631,12.79,15.32,0.000453112426557316,1
"GRSM","QUAL","Quercus alba L.",65.5,2.29,49.73,-29.3,-3.1,2.74641181058191,0.424069944039296,11.2,14.72,0.000487420887135567,2
"GRSM","QUCO2","Quercus coccinea Münchh.",103.966666666667,1.54666666666667,50.19,-27.6,-3.63333333333333,1.71689580100316,0.390843108281158,10.4633333333333,11.4666666666667,0.000404807238541038,3
"GRSM","QUMO4","Quercus montana Willd.",76.0888888888889,2.07,48.4833333333333,-28.8222222222222,-2.95555555555556,2.8144762590078,0.426836781236641,10.9855555555556,16.0266666666667,0.000176401975438781,9
"GRSM","QURU","Quercus rubra L.",91.5,2.05,50.44,-28.3333333333333,-2.66666666666667,2.70693096313643,0.471838388408034,18.0466666666667,15.8866666666667,0.000256000246379976,3
"GRSM","QUVE","Quercus velutina Lam.",93.3,2.22,50.66,-28.1,-3.6,6.94490035169988,1.20984759671747,19.71,16.22,0.000110238876452731,1
"GRSM","ROPS","Robinia pseudoacacia L.",34.4,4.54,50.51,-27,-0.8,8.69090909090909,1.51688311688312,13,18.79,7.55931442257316e-05,1
"GRSM","TIAM","Tilia americana L.",71.6,3.11,47.68,-27.8,-0.7,7.82513661202186,1.56830601092896,13.84,17.11,0.000122025200232819,1
"GRSM","TSCA","Tsuga canadensis (L.) Carrière",110.52,1.752,47.52,-27.14,-2.68,0.94633210076321,0.107518669849698,9.638,12.172,0.000192137673142138,5
"GUAN","ACRE4","Acacia retusa (Jacq.) Howard",58.2,4.75,48.49,-28.9,2.9,3.48173913043478,0.753043478260869,6.36,13.37,7.98359912476098e-05,1
"GUAN","AMEL","Amyris elemifera L.",138.55,2.0825,48.555,-27.575,4.6,2.38503107382422,0.614390495240401,9.795,19.1575,0.000130551181134854,4
"GUAN","ANAC4","Antirhea acutata (DC.) Urb.",70.9,1.57,53.63,-26.7,5.5,1.29580348004094,0.253838280450358,20.5,17.95,0.00015257865392274,1
"GUAN","BOSU2","Bourreria succulenta Jacq.",125.975,1.68,44.9575,-27.175,4.3,2.73608354271357,0.626826005025126,11.7575,24.5625,0.000203418714463341,4
"GUAN","BUBU","Bucida buceras L.",111.369230769231,1.64730769230769,44.3419230769231,-27.9038461538462,4.88076923076923,2.80936844395957,0.517006520054087,9.35576923076923,25.7796153846154,0.000129937242522295,13
"GUAN","BUSI","Bursera simaruba (L.) Sarg.",57.7833333333333,2.08291666666667,49.79375,-27.275,3.93333333333333,2.35203682390289,0.496265470212305,17.3191666666667,16.1525,0.000141660119845235,12
"GUAN","CAHA9","Capparis hastata Jacq.",377.8,2.2,51.49,-29.7,7.7,0.446845590798188,0.11084001394214,13.58,11.8,0.000324937959339506,1
"GUAN","CAIN5","Capparis indica (L.) Druce",209.4,1.96,46.13,-27.1,8.8,0.880902043692741,0.27061310782241,11.65,15.56,0.000175816526189043,1
"GUAN","CAXY","Cassine xylocarpa Vent.",333.2,0.92,49.3,-26.1,2.5,0.768796992481203,0.197368421052632,17.76,19.56,0.000406166849272187,1
"GUAN","COAR3","Colubrina arborescens (Mill.) Sarg.",80,2.82,49.49,-27.3,0.4,2.16283924843424,0.505219206680585,11.86,11.66,0.000160930001654807,1
"GUAN","CODI8","Coccoloba diversifolia Jacq.",123,1.505,47.325,-26.5,3.5,2.09285347985348,0.461087912087912,19.605,19.55,0.00015173667131574,2
"GUAN","CODO","Comocladia dodonaea (L.) Urb.",130.9,1.78,48.4,-28.8,1.1,1.84966698382493,0.513796384395814,6.17,13.37,0.000201847903340441,1
"GUAN","COEL2","Colubrina elliptica (Sw.) Briz. & Stern",70.6,2.93,47.53,-26.9,3.1,2.27348394768133,0.537455410225921,4.55,8.36,0.000144030932817786,1
"GUAN","COKR","Coccoloba krugii Lindau",133.7,1.295,48.3,-27.05,1,0.963262533598224,0.222022905223793,23.63,28.65,0.000343569650115299,2
"GUAN","COMI","Coccoloba microstachya Willd.",79.1,1.63,49.12,-27,1.6,0.895652173913044,0.184782608695652,19.78,27.55,0.000166009867502405,1
"GUAN","CRDI8","Croton discolor Willd.",112,1.64,46.64,-28,5.6,2.02200220022002,0.556655665566557,4.48,26.02,0.000210591029087358,1
"GUAN","CRLU2","Croton lucidus L.",67.1,2.36,48.51,-28.1,3.6,2.78625134264232,0.616541353383459,10.14,9.85,0.000131411035488576,1
"GUAN","CRRH","Crossopetalum rhacoma Crantz",182.5,1.6,52.15,-27,0.9,1.05522914218566,0.195064629847239,25.71,13.35,0.000293236341707027,1
"GUAN","ERAR17","Erythroxylum areolatum L.",63.4,2.71,49.93,-25.9,5.2,1.88318227593152,0.336354481369587,7.58,14.36,0.000123372537202315,1
"GUAN","ERFR4","Erithalis fruticosa L.",124.4,1.29,53.05,-26.8,1.6,0.712280701754386,0.221052631578947,10.26,8.15,0.000327727120773727,1
"GUAN","ERRO3","Erythroxylum rotundifolium Lunan",96.9,1.88,51.94,-27.7,1.2,0.986547085201794,0.242152466367713,10.43,9.22,0.000166461808604039,1
"GUAN","EUAX","Eugenia axillaris (Sw.) Willd.",95.1,1.6,49.88,-27.7,0.2,0.730659025787966,0.220630372492837,17.33,10.97,0.0002075330537725,1
"GUAN","EUFO3","Eugenia foetida Pers.",109.8,1.58,54.4,-27.2,3.7,1.48195329087049,0.329087048832272,17.51,8.53,0.000147398287967683,1
"GUAN","EURH","Eugenia rhombea (Berg) Krug & Urb.",125.9,1.215,47.015,-28.45,5.75,0.99453139718563,0.252759300320276,16.465,22.81,0.000176350553246124,2
"GUAN","EUXE","Eugenia xerophytica Britton",148.9,1.23,50.73,-26.1,3.9,1.09518348623853,0.268348623853211,20.32,12.46,0.000122944868423176,1
"GUAN","EXCA","Exostema caribaeum (Jacq.) Schult.",95.9,2.31,51.73,-27,3.5,2.735,0.6,6.14,6.99,0.000138170569185408,1
"GUAN","GUEL","Guettarda elliptica Sw.",89.1,1.725,49.88,-27.55,6.5,1.61256544502618,0.337696335078534,18.16,19.89,0.000102717340554674,1
"GUAN","GUKR","Guettarda krugii Urb.",136,1.69,49.33,-24.9,6.9,3.6617050067659,0.746955345060893,15.33,32.27,0.000149214482033185,1
"GUAN","GUOB","Guapira obtusata (Jacq.) Little",92.6,3.71,47.19,-27.6,2.6,1.23739956172389,0.359386413440468,16.31,11.48,0.000247210840612623,1
"GUAN","GUOF","Guaiacum officinale L.",117.366666666667,1.97,51.2833333333333,-27.8333333333333,9.13333333333333,3.07926289492809,0.697563077696797,12.8216666666667,9.01,0.000100933812843143,3
"GUAN","GUSA","Guaiacum sanctum L.",135.1,2.5875,49.7775,-28.15,8.325,2.45866456361725,0.577583596214511,11.77,16.005,0.000158677912639336,2
"GUAN","GYLU","Gymnanthes lucida Sw.",135.54,1.708,47.364,-26.94,2.72,1.78106623508566,0.419209362796863,3.132,14.616,0.000191541674290304,5
"GUAN","JABE","Jacquinia berteroi Spreng.",285.5,0.81,52.42,-25.8,2.1,0.370221327967807,0.127162977867203,20.89,13.16,0.000232286782341883,1
"GUAN","JAFL","Jasminum fluminense Vell.",87.3,2.47,46.94,-28.5,5.8,6.24657534246575,1.43561643835616,12.05,11.46,0.000125282033012706,1
"GUAN","KRFE","Krugiodendron ferreum (Vahl) Urb.",107.2,2.33,51.25,-27.1,3.2,1.1303317535545,0.329383886255924,23.85,9.38,0.000130606239673906,1
"GUAN","LAEX","Lantana exarata Urb. & Ekman",118.9,1.5,45.57,-29,1,1.11359404096834,0.301675977653631,12.23,21.47,0.000163799320078294,1
"GUAN","LELE10","Leucaena leucocephala (Lam.) de Wit",78.4,4.29,49.59,-26.1,4.9,7.61290322580645,1.72903225806452,7.1,9.56,9.0330562890578e-05,1
"GUAN","MAPO6","Machaonia portoricensis Baill.",60.4,2.03,48.91,-26.6,3.6,1.83395291201983,0.364312267657993,13.51,12.94,9.12429571842424e-05,1
"GUAN","NEON-REVI","Reynosia vivesiana Trejo",214,1.38,49.38,-26.2,-1,0.997095837366892,0.300096805421104,17.23,22.2,0.000149348323275743,1
"GUAN","PIAC","Pictetia aculeata (Vahl) Urb.",98.6333333333333,2.61,47.62,-25.2,-0.566666666666667,3.10908417508418,0.583501683501684,11.2733333333333,16.75,0.000153375158690184,3
"GUAN","PIAL3","Pisonia albida (Heimerl) Britton ex Standl.",86.1545454545455,3.02727272727273,49.8381818181818,-27.9181818181818,6.25454545454545,2.2385762754856,0.550136342236909,24.6327272727273,13.7463636363636,0.000183991726184557,11
"GUAN","PIUN","Pithecellobium unguis-cati (L.) Benth.",80.2,3.89,49.63,-26.6,1.8,6.38177874186551,1.24945770065076,11.14,17.78,0.000103355117871916,1
"GUAN","PLAL","Plumeria alba L.",188.9,1.8,53.21,-24.7,4.5,0.876683937823834,0.271502590673575,13.73,13.01,0.00055632783254215,1
"GUAN","PRJU3","Prosopis juliflora (Sw.) DC.",86.55,3.88,49.105,-26.45,2.65,2.19402148979838,0.526379331160208,11.835,12.385,0.000130129847625749,2
"GUAN","ROAC2","Rochefortia acanthophora (DC.) Griseb.",126.9,2.13,51.35,-27.5,8.6,1.01237113402062,0.292783505154639,30.84,18.24,0.000119257739827315,1
"GUAN","SASE6","Savia sessiliflora (Sw.) Willd.",79.7,2.38,50.82,-25.9,7.1,5.08871662360035,0.971576227390181,10.44,19.24,8.99679158535375e-05,1
"GUAN","SCFR","Schaefferia frutescens Jacq.",115.3,2.73,44.92,-26,2.9,1.9724680432645,0.407079646017699,11.01,23.98,0.000165737778236488,1
"GUAN","SESI3","Senna siamea (Lam.) Irwin & Barneby",64.6,1.87,48.69,-26.5,2.3,1.59701492537313,0.529021558872305,7.87,11.86,9.66005715387717e-05,1
"GUAN","SISA6","Sideroxylon salicifolium (L.) Lam.",81.9,1.55,53.84,-28.6,2.5,1.25934579439252,0.39018691588785,15.33,13.96,0.000118314662492225,1
"GUAN","SWMA2","Swietenia mahagoni (L.) Jacq.",94.3,1.735,50.965,-28.75,4.1,3.5718954248366,0.855347593582888,24.325,19.825,0.000120521551345541,2
"GUAN","TAHE","Tabebuia heterophylla (DC.) Britton",126.6,1.49,47.78,-24.9,0.8,0.978060046189377,0.267898383371824,14.51,25.39,0.000205169164721886,1
"GUAN","THSTP","Thouinia striata Radlk. var. portoricensis (Radlk.) Votava & Alain",104.1,2.41,53.17,-29.3,2.5,2.28571428571429,0.454458293384468,19.01,14.77,0.000134478312006688,1
"GUAN","TUDI","Turnera diffusa Willd. ex Schult.",102.3,2.51,50,-27.5,3.6,1.71512915129151,0.388191881918819,11.18,16.41,0.000111531729555908,1
"HARV","ACNI5","Acer nigrum Michx. f.",75.5,1.465,52.39,-28.45,-2.9,4.8921052631579,1.01578947368421,11.02,14.03,7.77331137260172e-05,2
"HARV","ACRU","Acer rubrum L.",94.2466666666667,1.616,51.442,-28.28,-2.62666666666667,4.83246660247059,1.02622865862225,12.5216666666667,11.8026666666667,9.99855591977695e-05,15
"HARV","ACSA3","Acer saccharum Marshall",68.6,1.73,47.31,-29.6,-3,3.09019607843137,0.705882352941176,10.91,14.54,7.60925449871465e-05,1
"HARV","ACSAS","Acer saccharum Marshall var. saccharum",101.3,1.48,48.47,-27.9,-2.95,NA,NA,9.945,11.4,9.38702532728227e-05,2
"HARV","BEAL2","Betula alleghaniensis Britton",91.8,1.605,48.28,-28.15,-3.3,NA,NA,19.135,10.44,9.86905851942361e-05,2
"HARV","BELE","Betula lenta L.",66.6833333333333,1.97666666666667,51.22,-30.4,-1.53333333333333,4.43001570554732,0.952979935883238,23.26,14.69,7.77839844766875e-05,6
"HARV","BEPAP","Betula papyrifera Marshall var. papyrifera",71.85,1.9,52.9,-30.15,-2.75,4.13563204316192,0.825949775291821,14.87,10.81,0.000118559454240313,2
"HARV","BEPO","Betula populifolia Marshall",90.1,1.4,47.73,-29.3,-0.4,NA,NA,16.78,8.81,0.000102766798418972,1
"HARV","CAOV2","Carya ovata (Mill.) K. Koch",78.7,2.66,48.15,-28.7,-0.3,18.572864321608,3.13165829145729,13.77,17.545,8.47542761432408e-05,2
"HARV","FAGR","Fagus grandifolia Ehrh.",59.05,2.085,51.735,-29.7,-4.05,NA,NA,22.27,22.41,5.34642004525822e-05,2
"HARV","FRAM2","Fraxinus americana L.",88.9,1.655,49.61,-26.025,-1.025,4.05589202650454,0.93450363638813,13.0375,21.365,9.80156215182137e-05,4
"HARV","NYSY","Nyssa sylvatica Marshall",124.3,1.59,51.75,-28.3,-2.3,NA,NA,8.4,10.8,0.000162524476577798,1
"HARV","PIAB","Picea abies (L.) Karst.",283.666666666667,0.936666666666667,50.5333333333333,-27.8333333333333,-2.16666666666667,0.820553994379767,0.171818546768366,17.2033333333333,21.3433333333333,0.000388790218889317,3
"HARV","PIMA","Picea mariana (Mill.) Britton, Sterns & Poggenb.",268.6,0.76,52.23,-28.8,-7.2,NA,NA,21.31,21.04,0.000309255079006772,1
"HARV","PIRE","Pinus resinosa Aiton",303.54,1.018,53.124,-28.46,-2.58,0.707760854767709,0.14844690659705,18.362,19.144,0.000373679675473068,5
"HARV","PIRI","Pinus rigida Mill.",263.4,1.15,52.93,-30.4,0.5,NA,NA,14.15,20.99,0.000452671040299906,1
"HARV","PIRU","Picea rubens Sarg.",239.8,0.63,51.23,-29.3,-7.8,NA,NA,19.87,19.25,0.000282651072124756,1
"HARV","PIST","Pinus strobus L.",159.7,1.27466666666667,53.133,-28.52,1.23,1.71763102293128,0.31708296341139,18.7696666666667,18.238,0.000192069935698927,15
"HARV","PRSES","Prunus serotina Ehrh. var. serotina",93.35,2.42,52.215,-27.05,-3.75,4.57133550488599,0.97328990228013,9.64,10.445,0.000109217853237661,2
"HARV","QUAL","Quercus alba L.",110,2.394,49.068,-29.02,-2.96,9.95384870906932,2.07548103673069,12.056,15.666,0.000111354941044385,5
"HARV","QURU","Quercus rubra L.",97.4533333333333,2.05433333333333,50.6176666666667,-28.7433333333333,-1.77666666666667,5.31113842939319,1.12769038602557,18.2913333333333,16.1073333333333,0.00010104205610876,15
"HARV","QUVE","Quercus velutina Lam.",84,1.76333333333333,50.3466666666667,-29.9333333333333,-3.73333333333333,2.52094717668488,0.571948998178507,19.9133333333333,17.5433333333333,8.90839225627908e-05,3
"HARV","TSCA","Tsuga canadensis (L.) Carrière",136.681818181818,1.16454545454545,52.2331818181818,-28.3318181818182,-3.79090909090909,0.869958473376663,0.2344255823075,10.9927272727273,15.0454545454545,0.000181986678164356,11
"HEAL","BEGL/BENA","Betula glandulosa/nana",96.8,2.06,50.2,-28.1,-4.5,1.61178045515395,0.281124497991968,14.99,8.88,0.000121147336540175,1
"HEAL","BEOC2","Betula occidentalis Hook.",85.85,1.885,49.98,-29.45,-2.65,1.15928463711084,0.232371310043702,13.735,9.2,0.000123668999707513,2
"HEAL","PIGL","Picea glauca (Moench) Voss",346.625,0.775416666666667,50.0058333333333,-28.1916666666667,-5.84583333333333,0.465807245214706,0.102052233443492,13.3108333333333,14.9133333333333,0.00036772282601314,12
"HEAL","PIMA","Picea mariana (Mill.) Britton, Sterns & Poggenb.",339.733333333333,0.82,50.45,-27.1,-9.5,0.46717686455793,0.0939481029332093,10.06,15.1966666666667,0.000324049931827743,3
"HEAL","SABE2","Salix bebbiana Sarg.",92.3,1.74,47.86,-28.1,-4.5,1.34993084370678,0.345781466113416,8.58,12.01,0.000100162160123694,1
"HEAL","SAPU15","Salix pulchra Cham.",85.2,2.47,51.6,-26.5,-0.7,2.25165562913907,0.487417218543046,8.2,9.43,9.77526654694908e-05,1
"JERC","","",54.8555555555556,1.81111111111111,44.5611111111111,-25.4111111111111,-1.35,4.66463184134745,0.981359116302561,9.16222222222222,26.0388888888889,0.00010390806382124,9
"JERC","ACBA3","Acer barbatum Michx.",92.2,1.35,48.935,-27.4,-1.5,2.72880630910901,0.737192010950722,10.22,13.325,6.68123328495795e-05,2
"JERC","CAAM2","Callicarpa americana L.",73.35,1.71,48.925,-28.4,-0.9,3.42189747312989,0.908506991512767,10.27,13.635,0.000107275889141469,2
"JERC","CAGL8","Carya glabra (Mill.) Sweet",108.58,1.836,47.336,-27.54,-3.12,1.21306886185264,0.341457966037673,13.45,15.042,0.000110720877091297,5
"JERC","CAIL2","Carya illinoinensis (Wangenh.) K. Koch",93.5,2.37,48.29,-29.1,-0.6,1.15096893964013,0.475984282252792,13.64,18.7,0.000139416048295232,1
"JERC","CATO6","Carya tomentosa (Lam.) Nutt.",109,1.24333333333333,44.8166666666667,-28.6333333333333,-3.53333333333333,1.96900235072873,0.453182789680674,13.48,17.2933333333333,8.85786237440887e-05,3
"JERC","CELA","Celtis laevigata Willd.",74.5,2.18,43.45,-25.65,3.1,5.89181760862541,1.29089824323579,7.89,13.025,6.64371228322677e-05,2
"JERC","DIVI5","Diospyros virginiana L.",75.7,1.845,48.955,-30.2,-0.5,2.86453988529718,1.29596584984359,17.605,13.98,0.000102529966267893,2
"JERC","FRAM2","Fraxinus americana L.",105.8,1.81,50.59,-28.2,-5.2,2.42776998597475,0.58695652173913,18.4,22.36,0.000119955601080707,1
"JERC","JUVI","Juniperus virginiana L.",299.9,1.26,52.35,-27.5,-3.1,0.634788189987163,0.163671373555841,14.52,13.78,0.00030179395181958,1
"JERC","LIST2","Liquidambar styraciflua L.",101,1.02,51.86,-29.1,-3.4,0.512417638114546,0.202990369994932,26.16,16.29,0.000129369173100952,1
"JERC","OSVI","Ostrya virginiana (Mill.) K. Koch",36.7,1.98,48.64,-30.9,-5.2,5.64622641509434,1.39528301886792,21.54,18.92,4.5350814715758e-05,1
"JERC","PIEC2","Pinus echinata Mill.",215.4,1.3,50.6966666666667,-28.7333333333333,-4.03333333333333,1.18898350870497,0.240479472917563,15.9766666666667,15.7033333333333,0.000253806520944421,3
"JERC","PIEL","Pinus elliottii Engelm.",278.55,0.83,50.935,-29.8,-4.55,1.01983182563293,0.103248133082387,17.85,19.41,0.000377818034493283,2
"JERC","PIPA2","Pinus palustris Mill.",269.763636363636,0.881363636363636,49.4663636363636,-28.5454545454545,-5.53181818181818,1.40861561035945,0.321780636743095,16.3145454545455,23.9636363636364,0.00033217071480397,11
"JERC","PRAN3","Prunus angustifolia Marshall",74.2,2.35,50.42,-27.2,-1.3,2.43939393939394,0.649350649350649,5.19,6.16,8.01799349226721e-05,1
"JERC","PRSE2","Prunus serotina Ehrh.",100.18,1.92,50.346,-29.22,-2.98,4.31669442566746,0.922908938199988,13.562,14.674,9.05782371351503e-05,5
"JERC","QUFA","Quercus falcata Michx.",136.1,1.47416666666667,49.8241666666667,-29.0833333333333,-5.2,2.25177742244103,0.525167348377669,18.125,14.465,0.000103571148362986,6
"JERC","QUGE2","Quercus geminata Small",163.9,1.51,50.17,-28.8,-5.8,3.1324200913242,0.689497716894977,19.8,21.01,0.000149769478809605,1
"JERC","QUHE2","Quercus hemisphaerica W. Bartram ex Willd.",120.966666666667,1.65666666666667,49.8,-27.8333333333333,-3.53333333333333,2.75935917181273,0.598151097165296,24.2166666666667,19.67,0.00012059897026036,3
"JERC","QUIN","Quercus incana W. Bartram",109.3,1.54666666666667,48.4566666666667,-30.4666666666667,-3.46666666666667,13.660413877957,2.9197614231306,14.6033333333333,18.0866666666667,9.01974973222979e-05,3
"JERC","QULA2","Quercus laevis Walter",101.2,1.79,50.99,-29.9,-3.8,4.86276150627615,0.974058577405858,19.97,19.65,7.95721011397306e-05,1
"JERC","QULA3","Quercus laurifolia Michx.",130.166666666667,1.65333333333333,50.1666666666667,-28.7666666666667,-3.36666666666667,3.14089437733886,0.660161568306496,22.75,21.15,0.000131951099536122,3
"JERC","QUMA13","Quercus margaretta",122,1.61333333333333,49.0333333333333,-28.8833333333333,-3.91666666666667,3.90817956043222,0.837442816104482,17.1166666666667,15.0183333333333,0.000106782251806934,6
"JERC","QUNI","Quercus nigra L.",135.9,1.92,51.25,-27.6,-2,2.54747596153846,0.697716346153846,25.64,21.06,0.000121165134566397,1
"JERC","QUST","Quercus stellata Wangenh.",134.5,1.85,50.4233333333333,-28.7333333333333,-4.1,4.00444898653039,0.863996413833667,15.9166666666667,14.39,0.000127067825261385,3
"JERC","QUVI","Quercus virginiana Mill.",172.2,1.48,50.11,-29.0666666666667,-2.23333333333333,2.85737701031984,0.588859565207435,20.64,19.9233333333333,0.000164848737698321,3
"JERC","RHCO","Rhus copallinum L.",110.433333333333,1.44,50.3866666666667,-31.1666666666667,-3.8,5.36373356143935,1.1334047614354,9.98,10.7666666666667,0.000106141625503766,3
"JERC","SAAL5","Sassafras albidum (Nutt.) Nees",76.74,1.986,50.614,-31.14,-3.24,4.2284369704401,0.927197012908928,18.614,12.908,0.000111729678758829,5
"JERC","TAAS","Taxodium ascendens Brongn.",216,1.61,52.08,-28.2,2.7,0.491040661612681,0.152997932460372,17.98,12.37,0.000340508402059574,1
"JERC","ULAL","Ulmus alata Michx.",81.9666666666667,2.08333333333333,47.75,-27.2,-0.933333333333333,3.23117692935953,0.767342150593518,15.5966666666667,14.7033333333333,7.66101933461931e-05,3
"JERC","VAAR","Vaccinium arboreum Marshall",80.65,1.375,51.235,-31.05,-0.45,0.716060303346882,0.124031767130206,18.005,14.825,0.000134003139237403,2
"JERC","VIRO3","Vitis rotundifolia Michx.",76.15,1.74,46.545,-28.15,-3,4.9701659847281,0.989492890002055,11.025,11.57,7.94971815145945e-05,2
"JORN","","",109.194117647059,1.64,45.0111764705882,-18.6588235294118,1.60588235294118,2.39207984185616,0.662681037667358,6.095,25.6120588235294,6.83894189103179e-05,17
"JORN","ATCA2","Atriplex canescens (Pursh) Nutt.",134.888888888889,2.79888888888889,43.8994444444444,-15.5777777777778,5.63888888888889,1.27837451715087,0.305265809305091,6.04666666666667,8.10333333333333,0.000209565462403853,9
"JORN","EPTR","Ephedra trifurca Torr. ex S. Watson",816.26,1.161,46.944,-24.2,1.71,0.670128253378935,0.260272280662779,19.868,30.316,0.000576001337929339,5
"JORN","GUSA2","Gutierrezia sarothrae (Pursh) Britton & Rusby",162.2,2.09,53.89,-25.6,1.6,1.72540381791483,0.342143906020558,7.9,12.11,9.92503431527822e-05,1
"JORN","PRGL2","Prosopis glandulosa Torr.",152.015384615385,2.92230769230769,48.8636538461538,-25.9615384615385,2.02692307692308,2.42444164053301,0.601220610976923,12.8434615384615,17.5811538461538,0.000130427631106788,26
"JORN","YUEL","Yucca elata (Engelm.) Engelm.",521.85,1.776,48.634,-24.17,1.85,1.03882705328579,0.250717676309712,9.113,31.942,0.000578101079857098,10
"KONA","","",48.195,2.81325,43.329125,-21.64625,1.20125,8.74173808978596,1.77589628444423,3.808,23.899,0.000136087624180025,40
"KONZ","","",63.5769230769231,1.58948717948718,44.7926923076923,-19.1935897435897,-2.65641025641026,2.0399708986936,0.501194872667097,5.54192307692308,28.5024358974359,0.000128706184373917,39
"KONZ","JUNI","Juglans nigra L.",35.9,2.97,46.34,-30.5,0,2.38423645320197,0.591133004926108,8.13,14.08,7.87557721181903e-05,1
"KONZ","JUVI","Juniperus virginiana L.",408.3,0.715,48.86,-27.6,-1.55,0.981818181818182,0.235294117647059,12.97,13.79,0.000221885611558692,1
"KONZ","QUMU","Quercus muehlenbergii Engelm.",91.15,2.3375,49.775,-29.85,0.15,1.83608912756736,0.397611644997174,19.0575,18.18,8.01722310225665e-05,2
"KONZ","ULAM","Ulmus americana L.",59.7,2.06,45.5,-29.05,-2.7,2.3881939858231,0.518258266191168,12.215,17.68,6.73846332814183e-05,2
"LAJA","","",58.7268292682927,1.37890243902439,45.4118292682927,-13.8731707317073,4.14634146341463,2.52449683703278,0.563042138818218,4.72219512195122,31.5953658536585,0.00012428728612661,41
"LAJA","MAIN3","Mangifera indica L.",151.9,1.8,48.91,-27.5,4.5,1.27589967284624,0.292257360959651,10.23,22.63,0.00020000346626458,1
"LAJA","PEAM3","Persea americana Mill.",93.2,1.82,53.14,-28.4,3.6,2.03588516746412,0.57177033492823,18.7,14.6,0.000126080012315508,1
"LENO","BENI","Betula nigra L.",79.5,2.14,52,-28.8,2.7,2.12266666666667,0.423111111111111,23.75,13.84,0.000107501432521986,1
"LENO","CACA18","Carpinus caroliniana Walter",50.05,1.96166666666667,46.7033333333333,-30.8,2.8,2.32580965652696,0.442741820718802,6.11333333333333,17.9433333333333,6.39906203612139e-05,6
"LENO","CACO15","Carya cordiformis (Wangenh.) K. Koch",97.45,2.04,48.865,-28,2.4,2.7701839512246,0.523146698865584,10,13.885,0.000116964026859395,2
"LENO","CELA","Celtis laevigata Willd.",50.7571428571429,3.03214285714286,44.5207142857143,-27.05,2.92857142857143,6.57403825651251,1.42791323993534,8.14142857142857,14.6928571428571,7.93216816097614e-05,7
"LENO","FRPE","Fraxinus pennsylvanica Marshall",68.3,2.40833333333333,49.395,-28.725,4.275,6.30983349693258,1.25376853768839,22.0733333333333,20.7066666666667,0.000154343341709666,6
"LENO","LIST2","Liquidambar styraciflua L.",75.4181818181818,2.025,50.7981818181818,-29.4090909090909,1.46818181818182,1.95614801396429,0.388993672575932,16.9490909090909,15.94,0.00014454537095517,11
"LENO","LITU","Liriodendron tulipifera L.",74.6,2.27,50.5,-28.9,0.9,1.81367392937641,0.50488354620586,16.86,14.94,0.000175534139201976,1
"LENO","PIGL2","Pinus glabra Walter",276.2,1.42,51.42,-30.8,3.9,0.837968561064087,0.139056831922612,15.47,17.11,0.000357027359161762,1
"LENO","PITA","Pinus taeda L.",254.733333333333,1.32666666666667,52.8566666666667,-30.7,1.46666666666667,1.346751965366,0.231551074192495,13.6633333333333,20.4133333333333,0.000316929819796243,3
"LENO","PLOC","Platanus occidentalis L.",68.4166666666667,1.92,50.7166666666667,-28.7166666666667,1.93333333333333,2.16687609141781,0.399593194074815,25.4483333333333,18.9216666666667,0.000111222072648055,6
"LENO","PODE3","Populus deltoides W. Bartram ex Marshall",120,1.71,50.41,-29,6.2,1.17137096774194,0.292338709677419,12.5,14.82,0.000213251749242231,1
"LENO","QULA3","Quercus laurifolia Michx.",111.88,1.71,51.2541666666667,-28.1916666666667,2.91666666666667,2.26760065461709,0.423279813335335,15.6133333333333,18.7633333333333,0.000117673317996214,6
"LENO","QULY","Quercus lyrata Walter",121.3,1.605,54.52,-27.75,5,1.11940298507463,0.236940298507463,20.43,20.22,0.000111799458439321,1
"LENO","QUMI","Quercus michauxii Nutt.",96.26,2.074,51.74,-28.68,3.92,1.83934813716355,0.399973080511614,17.042,19.725,0.000103044149402829,5
"LENO","QUNI","Quercus nigra L.",93.9833333333333,1.95083333333333,51.2391666666667,-29.2666666666667,2.05,3.98489224954237,0.676677968241081,19.775,22.1733333333333,0.000103166013716769,6
"LENO","QUPA5","Quercus pagoda Raf.",96.63,1.888,51.288,-28.6,3.2,1.51692637537488,0.321371934653414,25.122,21.876,0.00010899834589828,10
"LENO","QUPH","Quercus phellos L.",90.375,1.965,50.6125,-27.85,4.35,1.45682098061843,0.338013796741472,24.9275,20.335,0.000101852310029066,4
"LENO","QUSH","Quercus shumardii Buckley",91.0666666666667,2.16333333333333,52.6066666666667,-27.5333333333333,3.4,3.02354384971207,0.544617550828415,14.2,13.8333333333333,0.000113987314322108,3
"LENO","TADI2","Taxodium distichum (L.) Rich.",80.1,1.96,52.63,-27.9,2.1,3.70446735395189,0.547537227949599,10.96,11.41,0.000149536208976332,1
"LENO","ULAM","Ulmus americana L.",55.36,2.324,45.624,-29.54,0.22,5.77843178847017,0.947621457976731,15.804,18.686,0.000100984462278865,5
"MLBS","ACRU","Acer rubrum L.",105.707692307692,2.05461538461538,51.9126923076923,-27.9846153846154,-2.6,2.65167535154177,0.590415213591588,14.9853846153846,11.9992307692308,0.000153758525604867,13
"MLBS","AMLA","Amelanchier laevis Wiegand",101.057142857143,2.19142857142857,50.2814285714286,-27.7285714285714,-2.04285714285714,3.67299663033002,0.723248252888253,20.8714285714286,15.5685714285714,0.000128044869198922,7
"MLBS","BEAL2","Betula alleghaniensis Britton",186.75,2.3625,50.725,-29.3,-2.4,3.84486672997784,0.685894903450459,28.145,16.74,0.000310340400977276,4
"MLBS","CAGL8","Carya glabra (Mill.) Sweet",67.7,2.81,48.61,-25.7,-0.8,1.10536398467433,0.243295019157088,6.07,13.73,0.000181365602214569,1
"MLBS","CATO6","Carya tomentosa (Lam.) Nutt.",87.2,2.25,48.54,-25.9,-0.3,1.37076271186441,0.302966101694915,3.75,13.45,0.000181404702608533,1
"MLBS","LITU","Liriodendron tulipifera L.",61.8,2.50571428571429,50.4271428571429,-28.1428571428571,-2.94285714285714,2.38673631685121,0.490791358714645,17.6857142857143,17.2271428571429,0.000152413387447634,7
"MLBS","MAAC","Magnolia acuminata (L.) L.",53.1,3.03,49.26,-25.5,0.8,1.84774436090226,0.362781954887218,14.51,18.04,0.000149919169573726,1
"MLBS","NYSY","Nyssa sylvatica Marshall",62,2.98,50.02,-26.7,-1.1,1.08957219251337,0.308823529411765,4.09,7.1,0.000155815710493301,1
"MLBS","OXAR","Oxydendrum arboreum (L.) DC.",43.7,2.36,50.89,-27,-1.3,1.33243606998654,0.204576043068641,7.28,12.94,0.000109150794056069,1
"MLBS","PIST","Pinus strobus L.",167.8,1.14,53.4,-28.5,-1.8,1.29518413597734,0.262889518413598,15.59,15.49,0.000177326565143824,1
"MLBS","PITA","Pinus taeda L.",327.625,1.3225,53.0925,-30.45,-1.375,1.13282356720126,0.199593760013472,17.0225,19.835,0.000396107761303648,4
"MLBS","PRSE2","Prunus serotina Ehrh.",64.9,2.05,51.72,-26.85,-2.1,1.60487659578429,0.375480189702275,12.745,11.03,0.000106353609156825,2
"MLBS","QUAL","Quercus alba L.",95.225,2.515625,50.37625,-27.503125,-2.36875,2.12974114881809,0.440460986179615,12.834375,15.475,0.000142126224526655,16
"MLBS","QUCO2","Quercus coccinea Münchh.",86.4,2.02333333333333,51.2766666666667,-26.8,-3.53333333333333,1.95041555897687,0.442070563818216,8.25666666666667,10.7766666666667,0.000127206749289654,3
"MLBS","QUMO4","Quercus montana Willd.",67.35,2.365,51.985,-27.9,-3.75,4.1674739920083,0.748244970234975,11.92,16.225,0.00010378257099346,2
"MLBS","QURU","Quercus rubra L.",144.626315789474,2.31052631578947,50.9578947368421,-27.3315789473684,-1.74210526315789,2.24151431801659,0.452333169795877,21.8992105263158,15.6297368421053,0.000219259425912349,19
"MLBS","ROPS","Robinia pseudoacacia L.",53.6,5.41,49.65,-23.1,1,1.77947598253275,0.465065502183406,7.05,10.64,0.000135918677777869,1
"MLBS","TSCA","Tsuga canadensis (L.) Carrière",154,2.69,51.98,-24.2,0.4,0.526549902696692,0.113427856547123,5.19,7.86,0.000195418265721753,1
"MOAB","","",142.261538461538,1.775,44.6475,-17.4607142857143,2.38214285714286,2.07386873777616,0.763731668316343,4.15607142857143,28.1253571428571,8.34398710949861e-05,14
"MOAB","ARTR2","Artemisia tridentata Nutt.",130.4125,2.1325,48.975,-25.4,1.475,1.71504638728051,0.37565244374912,12.59625,17.115,0.000139785995021351,8
"MOAB","ATCA2","Atriplex canescens (Pursh) Nutt.",136.2,3.964,43.836,-14.9,7.82,1.36596318364889,0.408165581835328,5.272,11.74,0.00027393029593291,5
"MOAB","EPVI","Ephedra viridis Coville",644.8,1.835,46.5125,-24.825,2.425,0.729805206880968,0.235709823849978,15.8,21.63,0.000574996683474844,4
"MOAB","JUOS","Juniperus osteosperma (Torr.) Little",611.62,0.756,53.395,-24.21,-3.4,0.371301872179456,0.104126790502925,13.054,12.132,0.000369617067053031,5
"MOAB","KRLA2","Krascheninnikovia lanata (Pursh) A. Meeuse & Smit",100.18,3.055,42.338,-27.49,5.36,1.23964811878256,0.325051987239283,3.342,21.762,0.000224720405465818,5
"MOAB","PIED","Pinus edulis Engelm.",331.3,0.981428571428571,51.73,-24.5571428571429,-5.44285714285714,0.578992974543199,0.172563364468262,18.6242857142857,19.0757142857143,0.000287416538570627,7
"NIWO","","",97.45,1.97625,46.71,-27.7875,-2.475,3.26768130435027,0.848154258206283,7.06,17.8775,0.000128305649048691,8
"NIWO","ABLAL","Abies lasiocarpa (Hook.) Nutt. var. lasiocarpa",296.36,1.147,51.657,-26.45,-4.84,2.06798104154977,0.359568011683364,15.903,13.77,0.000292459662660404,10
"NIWO","DAFRF","Dasiphora fruticosa (L.) Rydb. ssp. floribunda (Pursh) Kartesz",122.933333333333,2.14666666666667,48.9633333333333,-28.0333333333333,-2.96666666666667,6.52457327871019,1.62597629890923,7.41,12.6766666666667,5.45175820699444e-05,3
"NIWO","PICOL","Pinus contorta Douglas ex Loudon var. latifolia Engelm. ex S. Watson",327.84,1.025,52.276,-27.18,-3.23,1.36313316783242,0.223621272603252,18.535,16.395,0.000354944273571761,10
"NIWO","PIEN","Picea engelmannii Parry ex Engelm.",369.07,0.841,50.564,-25.69,-5.05,1.37090310830698,0.27438116834068,16.627,17.092,0.000345321454581764,10
"NIWO","PIFL2","Pinus flexilis James",283.15,0.8975,51.595,-26.5,-3.2,1.42515739372961,0.254244521004634,14.785,16.4475,0.000349130297239626,4
"NIWO","SAGL","Salix glauca L.",94,2.995,49.96,-26.9,-0.55,1.30400811900717,0.351590114632765,9.045,11.805,0.00011134906118263,2
"NIWO","SALIX","Salix sp.",92.3,2.5525,49.725,-27.05,-2.05,9.38952566420921,2.26826633282329,18.645,11.06,0.000111724553188107,2
"NOGP","","",97.1425,1.434125,46.696875,-27.23875,-2.54125,1.24648190264628,0.298289974370797,3.96625,28.05825,0.000131746149192334,40
"OAES","","",78.3184210526316,0.962125,42.50075,-17.95125,-4.75,2.72625277098413,0.648287628100481,7.051625,37.054875,8.12466794989663e-05,40
"ONAQ","ARTR2","Artemisia tridentata Nutt.",117.56,2.4175,50.2825,-25.155,2.935,0.571441446308756,0.13647740442623,11.227,13.345,0.000169137086731957,10
"ONAQ","ATCO","Atriplex confertifolia (Torr. & Frém.) S. Watson",105.4,2.35333333333333,33.5233333333333,-15.8666666666667,5.43333333333333,0.637296350868599,0.194528397369256,6.99,6.51666666666667,0.000273418557895104,3
"ONAQ","JUOS","Juniperus osteosperma (Torr.) Little",600.066666666667,0.77,52.0166666666667,-25.0666666666667,-2.73333333333333,0.182669596834319,0.0526603022017582,13.9833333333333,10.35,0.000376428720044426,3
"ONAQ","PUST","Purshia stansburiana (Torr.) Henrickson",260.25,1.485,50.5,-25.85,-1.8,0.606839739590831,0.166716573092119,12.245,9.685,0.000217936374005004,2
"ONAQ","SAVE4","Sarcobatus vermiculatus (Hook.) Torr.",92.85,5.37,41.405,-26,9.85,0.706800059478448,0.245358822326723,4.165,9.57,0.000318957611889801,2
"ORNL","","",48,2.86,45.49,-30,-2.1,1.08045977011494,0.298850574712644,8.31,22.34,0.00010166158456289,1
"ORNL","ACRU","Acer rubrum L.",69.6571428571429,1.75666666666667,49.3777777777778,-29.1111111111111,-3.96666666666667,2.38608036579695,0.519127574129989,10.5811111111111,12.38,9.95757078751195e-05,9
"ORNL","ACSA3","Acer saccharum Marshall",56.3,2.07,48.39,-28.2,-2.85,3.04095112285337,0.509907529722589,9.91,15.01,8.13671385534139e-05,1
"ORNL","CAGL8","Carya glabra (Mill.) Sweet",76.4,2.03,45.45,-28.1333333333333,-2.7,2.86780965314321,0.392166253637866,7.07333333333333,19.14,0.000117278578912519,3
"ORNL","CATO6","Carya tomentosa (Lam.) Nutt.",93.5,1.78,46.8,-29.6,-3.2,2.00651232536789,0.317881793924538,12.365,20.83,0.000126884414144109,2
"ORNL","ELUM","Elaeagnus umbellata Thunb.",38.1,4.25,48.3,-28.4,-0.9,2.46017699115044,0.536030341340076,15.59,17.96,9.97149108267586e-05,1
"ORNL","FAGR","Fagus grandifolia Ehrh.",37.95,2.39,48.74,-30.3,-2.8,9.41151137980085,1.41900071123755,18.87,24.865,5.36084689181735e-05,2
"ORNL","JUVI","Juniperus virginiana L.",275.028571428571,1.08428571428571,49.9142857142857,-28.3857142857143,-4.47142857142857,1.22014023509961,0.260809416016278,18.8028571428571,15.0671428571429,0.000297748523304496,7
"ORNL","LIST2","Liquidambar styraciflua L.",72.9714285714286,1.79714285714286,48.9985714285714,-29.5714285714286,-3.62857142857143,1.81952841346686,0.353746879843238,18.3342857142857,16.7228571428571,0.00013631718275051,7
"ORNL","LITU","Liriodendron tulipifera L.",65.675,2.405,48.321,-29.02,-3.5,3.55831634703442,0.673806811023207,17.413,17.674,0.000132746764417668,10
"ORNL","NYSY","Nyssa sylvatica Marshall",81.0166666666667,1.66666666666667,47.0425,-29.1666666666667,-4.19166666666667,1.36197982169206,0.265447180683881,6.26666666666667,12.5533333333333,8.61339560314613e-05,6
"ORNL","OXAR","Oxydendrum arboreum (L.) DC.",73.1,1.82,49.495,-29.75,-4,1.52890792291221,0.241970021413276,6.9,12.97,0.000114465484100538,1
"ORNL","PIEC2","Pinus echinata Mill.",220.375,1.0925,50.8725,-29.625,-2.2,1.19407376315539,0.231769217220921,16.115,17.5,0.000374173589402303,4
"ORNL","PIST","Pinus strobus L.",119,1.655,52.09,-27.55,-0.9,2.38328177842002,0.388555873302341,17.94,17.93,0.00014495853666104,2
"ORNL","PITA","Pinus taeda L.",223.15,1.075,50.6375,-31.15,-5.75,0.876284118394876,0.151619144963573,15.95,20.085,0.000238821679217352,2
"ORNL","PIVI2","Pinus virginiana Mill.",192.05,1.13,50.865,-29.85,-5.15,0.733781087379881,0.108706860773234,16.965,15.815,0.000259111033526916,2
"ORNL","PRSE2","Prunus serotina Ehrh.",66.55,2.095,49.815,-28.5,-3.05,4.74111111111111,0.895333333333333,18.445,11.225,0.000100750596130775,2
"ORNL","QUAL","Quercus alba L.",80.9888888888889,1.92555555555556,48.1355555555556,-29.1,-3.24444444444444,2.34867333360528,0.50194778457319,9.82333333333333,15.1366666666667,9.03345129045779e-05,9
"ORNL","QUCO2","Quercus coccinea Münchh.",89.85,2.145,49.815,-28.35,-3.45,3.16975749559083,0.564246031746032,15.825,10.345,0.000112346196130216,2
"ORNL","QUFA","Quercus falcata Michx.",75.9,1.88,49.225,-27.9,-2.9,3.19135599415205,0.385146198830409,15.825,16.92,8.30281445682778e-05,2
"ORNL","QUMO4","Quercus montana Willd.",103.0625,2.02375,49.61125,-28.6125,-3.9,3.54124482643259,0.675713135879588,16.4525,16.814375,0.000106909272641158,8
"ORNL","QURU","Quercus rubra L.",90.22,2.05071428571429,49.1492857142857,-28.4785714285714,-3.21428571428571,2.83642364298876,0.512393075203648,21.8828571428571,15.5,9.22174579376073e-05,7
"ORNL","QUST","Quercus stellata Wangenh.",100.3,2.15,49.58,-28.2,-3.2,2.20815752461322,0.360056258790436,12.23,14.01,0.000126612983397952,1
"ORNL","QUVE","Quercus velutina Lam.",87.6,2.39,49.355,-28.9,-2.25,1.85753627293614,0.319705410253989,20.615,16.195,0.000112456175882058,2
"ORNL","SAAL5","Sassafras albidum (Nutt.) Nees",56.5,2.04,50.11,-30,-5.2,2.71528751753156,0.504908835904628,20.73,13.56,9.49580092990504e-05,1
"OSBS","ACRU","Acer rubrum L.",91.5,1.45,51.77,-28.5,0.7,1.08014796547472,0.26387176325524,17.74,14,9.65639133953262e-05,2
"OSBS","ASIN12","Asimina incana (W. Bartram) Exell",95,1.29,49.71,-31.6,2.5,1.40796019900498,0.350746268656716,13.88,31.34,0.000159529409910602,2
"OSBS","BUCA15","Butia capitata (Mart.) Becc.",317.9,1.19,51.03,-29.9,-1.2,1.1304347826087,0.216879795396419,20.03,34.61,0.000386736026528191,2
"OSBS","CEER3","Ceratiola ericoides Michx.",152.6,1.18,55.8,-31.9,1.4,3.58350100603622,0.730382293762575,27.54,14.9,0.000159004179538434,2
"OSBS","DIVI5","Diospyros virginiana L.",85.75,1.255,51.085,-30.85,-0.4,1.60496035762243,0.564335829810042,28.155,20.71,0.000121030079632949,3
"OSBS","GOLA","Gordonia lasianthus (L.) Ellis",106.6,1.28,52.86,-28.1,-3.2,2.52904820766378,0.645241038318912,20.14,18.11,0.000164091315886129,2
"OSBS","ILCO","Ilex coriacea (Pursh) Chapm.",105.9,1.26,52.86,-30.3,-3.3,1.22565864833906,0.27262313860252,23.64,13.93,0.000130050899739898,2
"OSBS","ILGL","Ilex glabra (L.) A. Gray",137.8,1.23,53.195,-27.1,1.2,1.04509283819629,0.228116710875332,17.08,13.01,0.000162984596542465,1
"OSBS","LYLU3","Lyonia lucida (Lam.) K. Koch",136.7,1.15,53.59,-29.6,-3.2,1.08208955223881,0.263681592039801,28.99,21.89,0.000126618015690368,2
"OSBS","MOCE2","Morella cerifera (L.) Small",95.4,1.65,52.205,-31.6,-1.7,1.880810488677,0.33849821215733,36.52,18.01,0.000131174479055997,2
"OSBS","NYBI","Nyssa biflora Walter",152.2,1.42,52.21,-28.2,1.8,1.95823095823096,0.375921375921376,15.14,12.59,0.0001165956713857,2
"OSBS","PEPA37","Persea palustris (Raf.) Sarg.",86.7,1.8,52.105,-30.1,-0.75,0.954933008526187,0.207064555420219,28.29,18.44,0.000100970873786408,2
"OSBS","PICL","Pinus clausa (Chapm. ex Engelm.) Vasey ex Sarg.",207.2,0.97,52.89,-28.3,0,0.63508064516129,0.120967741935484,28.32,15.72,0.000258201597824239,2
"OSBS","PIEL","Pinus elliottii Engelm.",319.95,0.97,51.605,-28.6,-2.05,0.699596459059367,0.149802695431227,23.355,20.65,0.000447722173227102,3
"OSBS","PIPA2","Pinus palustris Mill.",247.4,0.782,51.146,-27.74,-3.96,0.624041815791738,0.122604577953808,22.04,26.968,0.000330982705266612,9
"OSBS","PITA","Pinus taeda L.",218.35,1.01,51.26,-28.45,-2.6,0.790594745881305,0.139036956936582,23.715,21.765,0.000304323771642419,4
"OSBS","QUGE2","Quercus geminata Small",210.8,1.4,52.085,-28.75,-2.9,1.60437492206282,0.361167419213581,28.8,23.87,0.00014754806954606,4
"OSBS","QUHE2","Quercus hemisphaerica W. Bartram ex Willd.",142.5,1.56,51.76,-28.25,-2.15,1.98698631386989,0.368576510507113,29.38,19.87,0.000128138271317814,4
"OSBS","QUIN","Quercus incana W. Bartram",100.8,1.37,50.74,-30,-2.5,1.63658243080626,0.329723225030084,23.4,23.26,8.39242984555145e-05,2
"OSBS","QULA2","Quercus laevis Walter",141.45,1.195,52.5225,-29.725,-2.475,1.37187204454814,0.29196886790262,29.16,21.5825,9.87103185063315e-05,7
"OSBS","QUNI","Quercus nigra L.",116.9,1.57,51.495,-30.25,-3.1,1.20050226950313,0.215245929198581,22.615,19.19,8.90383022138535e-05,4
"OSBS","QUVI","Quercus virginiana Mill.",190.3,1.27,52.07,-29.4,-2.5,1.57839813560672,0.377914110429448,24.64,21.105,0.000128562900775704,3
"OSBS","SERE2","Serenoa repens (W. Bartram) Small",219.3,1.39,50.62,-28.8,-0.3,3.39099645928174,0.704097116843703,24.13,36.93,0.000271619823922434,2
"OSBS","VAAR","Vaccinium arboreum Marshall",98.95,1.255,53.19,-30.7,1.4,1.02626399830964,0.183117510338374,28.12,15.895,9.8695182965642e-05,4
"OSBS","VAMY3","Vaccinium myrsinites Lam.",83.3,1.04,53.28,-31.7,-1.8,0.671312427409988,0.0929152148664344,19.49,15.52,8.48923437841707e-05,2
"OSBS","VIRO3","Vitis rotundifolia Michx.",68.7,1.78,50.34,-28.9,-3.3,1.88929001203369,0.259927797833935,23.42,18.11,9.49828774440083e-05,2
"PUUM","","",168.675,0.4375,52.9125,-25.825,-6.575,1.2534749215632,0.389017535154163,6.1825,36.7575,0.000171621532781569,4
"PUUM","ACKO","Acacia koa A. Gray",190.025,2.4275,55.05,-28.475,-1.05,1.78106292353027,0.385106407413097,22.33,15.205,0.000283397342219896,4
"PUUM","CHTR2","Cheirodendron trigynum (Gaudich.) A. Heller",146.3,1.22,51.5633333333333,-29.4,-7.2,1.18568570557152,0.273986503106793,11.5133333333333,15.29,0.000281958586175635,3
"PUUM","CIGL","Cibotium glaucum (Sm.) Hook. & Arn.",126.3,1.47,47.05,-26.3,-8.5,1.09566326530612,0.181122448979592,34.8,18.96,0.000142015120371062,1
"PUUM","CIME8","Cibotium menziesii Hook.",109.6,1.22,46.88,-26.4,-8.4,1.67073170731707,0.280487804878049,33.12,17.41,0.000163023931262459,1
"PUUM","COER3","Coprosma ernodeoides A. Gray",147.8,0.78,53.65,-28.3,-4.4,0.697955390334573,0.196096654275093,9.24,13.31,0.000295572167912593,1
"PUUM","DILI","Dicranopteris linearis (Burm.) Underw.",149.9,0.63,53.03,-26.3,-9.8,1.039759939985,0.2768192048012,16.82,20.04,0.000172873145625189,1
"PUUM","DOVI","Dodonaea viscosa (L.) Jacq.",106.4,1.43,55.12,-27.8,-9.5,1.04865771812081,0.422818791946309,6.98,9.79,0.000131968641114983,1
"PUUM","FRUH","Fraxinus uhdei (Wenzig) Lingelsh.",69.9,3.53,55.62,-25.1,-7.3,1.58877086494689,0.54855842185129,16.79,12.75,0.000107424812030075,1
"PUUM","ILAN","Ilex anomala Hook. & Arn.",206.2,0.98,52.82,-31,-1.3,0.773316062176166,0.167098445595855,12.4,18.34,0.000384872220617961,1
"PUUM","MEPO5","Metrosideros polymorpha Gaudich.",276.447826086957,0.573260869565217,54.010652173913,-28.395652173913,-8.65217391304348,1.23802801679616,0.267329956948256,17.8321739130435,25.6182608695652,0.000248637985206801,23
"PUUM","MYLE2","Myrsine lessertiana A. DC.",180.95,0.845,53.05,-28.5,-3.45,1.87439475511342,0.390485675586464,14.835,18.2,0.000318306427501679,2
"PUUM","MYSA","Myoporum sandwicense (A. DC.) A. Gray",79.2,2.46,52.66,-29.1,-0.2,1.49166666666667,0.341666666666667,29.69,11.63,0.000279654679569721,1
"PUUM","MYSA2","Myrsine sandwicensis A. DC.",145.25,0.885,51.69,-30.9,-7.95,1.0648491070136,0.185405561916795,15.865,16.35,0.000342320132098451,2
"PUUM","SACY3","Sadleria cyatheoides Kaulf.",175.5,0.8,51.1,-27.1,-9.9,0.674647887323944,0.246478873239437,17.16,22.99,0.000240182802979012,1
"PUUM","SAPA11","Sadleria pallida Hook. & Arn.",165.3,0.92,53.01,-27.5,-9.7,0.833158995815899,0.304393305439331,10.88,24.66,0.000165969316596932,1
"PUUM","STTA","Styphelia tameiameiae (Cham. & Schltdl.) F. Muell.",178,0.54,58.69,-30.6,-10.4,1.12782663316583,0.339195979899497,21.82,22.82,9.44954128440367e-05,1
"RMNP","ABLAL","Abies lasiocarpa (Hook.) Nutt. var. lasiocarpa",334.725,0.8775,52.4675,-26.95,-4.725,0.668249618594062,0.157634555420823,14.6025,14.255,0.000336321408595006,4
"RMNP","PICOL","Pinus contorta Douglas ex Loudon var. latifolia Engelm. ex S. Watson",311.86,1.052,51.576,-26.23,-4.09,0.747422383910686,0.144635271683462,17.802,17.115,0.000324463356463367,10
"RMNP","PIEN","Picea engelmannii Parry ex Engelm.",395.833333333333,0.773333333333333,49.2016666666667,-25.2583333333333,-4.61666666666667,0.458104450616155,0.115817535325643,14.575,17.455,0.000353516900166003,6
"RMNP","PIFL2","Pinus flexilis James",268.85,0.821666666666667,50.9966666666667,-25.8833333333333,-4.13333333333333,0.528157673531153,0.124851360299334,13.4133333333333,18.4266666666667,0.000332800852078309,6
"RMNP","PIPOS","Pinus ponderosa Lawson & C. Lawson var. scopulorum Engelm.",391.01,0.967,51.773,-26.22,-4.3,0.513083877914246,0.127436194172196,15.267,18.266,0.00041474528521859,10
"RMNP","POTR5","Populus tremuloides Michx.",91.11,2.16,50.147,-26.375,-2.93,2.82440487633257,0.694104247039442,10.234,12.944,0.000109087510482126,10
"RMNP","PSME","Pseudotsuga menziesii (Mirb.) Franco",263.833333333333,0.978333333333333,51.2533333333333,-24.7,-3.38333333333333,0.671946247901496,0.149542306753048,16.4266666666667,17.7166666666667,0.000276226187614448,6
"SCBI","","",53.15,0.96,46.33,-21.4,-0.3,5.41562262404549,0.925549568609302,13.64,37.285,9.94482133442742e-05,2
"SCBI","ACNEN","Acer negundo L. var. negundo",44.52,3.156,47.554,-28.18,0.08,2.43323913807116,0.423902182575964,12.144,15.29,0.000117572810026884,5
"SCBI","ACRU","Acer rubrum L.",68.5,2.77,51.04,-27.7,-3.5,1.60753221010902,0.404360753221011,9.34,8.44,0.000102660722169368,1
"SCBI","AIAL","Ailanthus altissima (Mill.) Swingle",60.05,4.03,47.99,-25.55,1.15,1.98708115490199,0.399375094839359,7.52,9.63,0.000168596890570111,2
"SCBI","BETH","Berberis thunbergii DC.",57.6,2.13,47.61,-28.4,2.1,1.0641592920354,0.121681415929204,6.56,11.78,0.000138546146795459,1
"SCBI","CACO15","Carya cordiformis (Wangenh.) K. Koch",45.8,3.8,46.96,-26.1,1.2,1.56989247311828,0.367546432062561,6.04,11.34,0.000111223762535259,1
"SCBI","CAGL8","Carya glabra (Mill.) Sweet",66.4,2.54,46.59,-25.8,-1.2,0.821218074656188,0.210216110019646,3.51,12.18,0.000143714805633964,1
"SCBI","CAOV3","Carya ovalis (Wangenh.) Sarg.",69.4,2.72666666666667,46.34,-25.9,-1.63333333333333,3.46479767143725,0.663374941606982,7.7,15.89,0.000153813538233566,3
"SCBI","CATO6","Carya tomentosa (Lam.) Nutt.",42,2.78,46.43,-29.5,0.5,11.7056994818653,2.06010362694301,12.71,25.29,5.94653540508137e-05,1
"SCBI","FRAM2","Fraxinus americana L.",85.12,2.326,48.78,-26.5,-1.22,3.77464094715926,0.769511893487276,17.145,21.432,8.84015432504498e-05,5
"SCBI","JUNI","Juglans nigra L.",69.59,3.205,47.6585,-27.875,-1.27,4.50235883542137,1.12101637518649,10.791,14.406,0.000142530446944785,10
"SCBI","LITU","Liriodendron tulipifera L.",63.95,2.465,47.4764285714286,-29.0285714285714,-1.92142857142857,5.71356243543049,0.945843479394934,15.9821428571429,20.0585714285714,0.00013625017686313,14
"SCBI","NYSY","Nyssa sylvatica Marshall",54.8,3.295,48.54,-27.4,-2.85,0.844856661045531,0.190556492411467,5.42,9.53,0.000139898574949712,1
"SCBI","PATO2","Paulownia tomentosa (Thunb.) Siebold & Zucc. ex Steud.",71.4,4.19,47.78,-25.4,0.9,1.648,0.381333333333333,15.75,12.58,0.000264899722949781,1
"SCBI","PIVI2","Pinus virginiana Mill.",272,1.42,48.91,-29.4,-2.4,1.41452758055707,0.193336974330967,14.29,13.31,0.000274644175013179,1
"SCBI","PLOC","Platanus occidentalis L.",64.2,3.3,49.03,-24.4,-2.5,1.38461538461538,0.208926875593542,24.52,17.41,0.000147465390514,1
"SCBI","PRAV","Prunus avium (L.) L.",42.4,2.845,47.685,-28.2,-1.7,1.94523809523809,0.4,14.06,13.06,9.88574570782672e-05,1
"SCBI","PRSES","Prunus serotina Ehrh. var. serotina",60.15,3.45,50.38,-27,-0.025,3.60840920636161,0.707388200092667,11.945,8.35,9.80184061075005e-05,2
"SCBI","QUAL","Quercus alba L.",69.525,3.25,48.595,-28.4,-0.525,3.9837513621391,0.694089272060936,13.91,16.9325,0.000117080415327431,4
"SCBI","QUMO4","Quercus montana Willd.",65.75,3.0875,49.975,-27.275,-1.775,4.06911478604329,0.773702730813007,17.915,16.7475,0.000146181254622608,4
"SCBI","QURU","Quercus rubra L.",84.0333333333333,2.53333333333333,50.0516666666667,-28.5833333333333,-0.45,5.03328979555731,0.841926234444957,23.2016666666667,17.5866666666667,0.000111445659119405,6
"SCBI","QUVE","Quercus velutina Lam.",80.175,2.59,48.9,-27.6,-1.425,2.35057324422058,0.413421647454083,20.815,16.65,0.000113210940171998,4
"SCBI","ROPS","Robinia pseudoacacia L.",54.55,4.52,49.45,-25.7,0.6,3.90395183286802,0.769884934430788,5.555,10.245,0.000117266201726524,2
"SCBI","SAAL5","Sassafras albidum (Nutt.) Nees",50,3.6475,49.8075,-28.25,-2.025,5.20057048456764,0.975980625788771,19.7575,15.9675,0.000115494578976966,4
"SCBI","ULMUS","Ulmus sp.",48.95,3.99,43.505,-26.9,-1.5,1.72308615703607,0.394727269420345,5.165,12.6,0.000125460374460419,2
"SCBI","VITIS","Vitis sp.",46.74,2.898,45.85,-29.2,-1.2,4.40581395382149,0.57581865375827,13.146,15.898,0.000115645016763505,5
"SERC","","",46.3666666666667,3.225,44.9116666666667,-27.6666666666667,-0.0833333333333334,6.45318466854119,0.976800463601904,8.995,25.31,0.000146807797461385,6
"SERC","ACNEN","Acer negundo L. var. negundo",50.3,2.165,47.365,-28.2,-0.5,2.43708596057147,0.338035757043659,13.265,14.995,0.000115202715432024,2
"SERC","ACRU","Acer rubrum L.",89.8,1.52166666666667,48.7566666666667,-28.4833333333333,-2.36666666666667,2.15274360189054,0.347163661967908,10.8916666666667,11.6316666666667,8.74545024144809e-05,6
"SERC","AIAL","Ailanthus altissima (Mill.) Swingle",113.55,2.005,48.875,-27.65,-1.05,1.95549650041893,0.455986526401314,9.57,9.445,0.000156024438942462,2
"SERC","CAGL8","Carya glabra (Mill.) Sweet",103,1.525,47.635,-28.4,-2.85,1.57733051737906,0.29522338502921,13.435,17.05,0.00010511929362796,2
"SERC","CATO6","Carya tomentosa (Lam.) Nutt.",102.24,1.898,47.388,-28.18,-1.58,1.89665842563201,0.276560574425387,12.422,17.502,0.000133518129234836,5
"SERC","DIVI5","Diospyros virginiana L.",121.9,1.97,51.35,-27.55,1.25,3.47072652968092,0.894070334559767,29.115,16.815,0.000142334720086134,2
"SERC","FAGR","Fagus grandifolia Ehrh.",64.0555555555556,1.68944444444444,48.63,-29.8,-2.83333333333333,2.35119270280423,0.462178162743778,20.9988888888889,22.1988888888889,6.47459851921705e-05,9
"SERC","LIST2","Liquidambar styraciflua L.",99.8636363636364,1.29,48.7527272727273,-28.8636363636364,-2.53636363636364,1.68320325994631,0.177309988228165,15.5954545454545,15.0463636363636,0.000140682718669483,11
"SERC","LITU","Liriodendron tulipifera L.",73.5538461538462,2.04153846153846,48.7903846153846,-28.5115384615385,-2.75769230769231,2.22757203287152,0.307470539994104,15.0230769230769,14.9638461538462,0.00014801806399207,13
"SERC","NYSY","Nyssa sylvatica Marshall",108.85,1.555,50.02,-28.6,-3.85,1.08707438451718,0.191435811893416,9.82,12.565,0.000124994635083619,2
"SERC","PIVI2","Pinus virginiana Mill.",239.6,1.15,51.605,-29.85,-4.25,0.662385214874899,0.118132223264652,20.58,14.875,0.000360126020346497,2
"SERC","PLOC","Platanus occidentalis L.",103.3,1.65,51.8533333333333,-26.7333333333333,-1.7,1.6538589327157,0.340957747209251,31.5366666666667,15.7966666666667,0.000133393698647288,3
"SERC","PRSES","Prunus serotina Ehrh. var. serotina",81.1333333333333,2.08333333333333,50.3633333333333,-28.5,-2.46666666666667,2.22021370730873,0.500548396451596,12.5766666666667,14.5466666666667,0.000105589230181338,3
"SERC","QUAL","Quercus alba L.",93.5571428571429,1.84857142857143,49.3442857142857,-29.3285714285714,-2.84285714285714,2.12812637150191,0.292125830521131,13.1142857142857,14.9257142857143,9.08049799814156e-05,7
"SERC","QUFA","Quercus falcata Michx.",157.7,1.55,51.5333333333333,-27,-3.4,1.28656817308044,0.292771445304367,18.3633333333333,15.3466666666667,0.000124462230919122,3
"SERC","QUMO4","Quercus montana Willd.",112.15,1.775,51.715,-27.9,-4.6,1.64508312602803,0.381278631920939,17.635,14.685,0.000115608963657042,2
"SERC","QUPA2","Quercus palustris Münchh.",108.7,2.03,51.06,-25.8,1.5,1.73620457604307,0.403768506056528,19.2,12.34,0.000101320980211738,1
"SERC","QURU","Quercus rubra L.",119.5,1.74,51.65,-27.1,-3.2,1.36898395721925,0.336898395721925,27.34,12.32,0.000107285311135285,1
"SERC","QUVE","Quercus velutina Lam.",147.85,1.765,51.12,-27.05,-2.8,1.8502024291498,0.394062078272605,21.72,15.54,0.000139663988463086,2
"SERC","SAAL5","Sassafras albidum (Nutt.) Nees",50,2.09,51.24,-29.5,-3.55,2.64847467968273,0.545242795104619,18.57,14.975,9.02687362001458e-05,2
"SERC","ULMUS","Ulmus sp.",80.45,1.73,47.115,-29.1,-0.9,1.95768267729255,0.418108206343223,12.645,14.195,0.000110922578944598,2
"SJER","","",43.4809523809524,1.778375,43.3125,-29.9,-1.09375,2.7954203738042,0.704980847751362,3.9775,27.406,0.000182511072877276,41
"SJER","AECA","Aesculus californica (Spach) Nutt.",115,2.22,46.77,-29.7,-0.8,0.886105412136439,0.293226326703018,5.33,7.73,0.000215185934339505,1
"SJER","ARVIM","Arctostaphylos viscida Parry ssp. mariposa (Dudley) P.V. Wells",302.05,0.905,52.165,-29.85,-2.9,1.45407542977054,0.307588042836484,20.545,13.715,0.000239158458494565,2
"SJER","CECU","Ceanothus cuneatus (Hook.) Nutt.",214.35,1.5625,51.4475,-28,-2.275,2.45096999971974,0.566103821472488,7.6625,8.5625,0.000262365386398796,4
"SJER","CELE2","Ceanothus leucodermis Greene",170.766666666667,2.01,50.2533333333333,-28.7333333333333,-1.3,4.23922228876633,0.96993326011342,7.98,7.24666666666667,0.000182589376071447,3
"SJER","FRCAC7","Frangula californica (Eschsch.) A. Gray ssp. cuspidata (Greene) Kartesz & Gandhi",176.4,2.08,45.61,-28.7,-1.7,2.1314606741573,0.7,6.09,8.99,0.000230219634824028,1
"SJER","PISA2","Pinus sabiniana Douglas ex Douglas",347.333333333333,1.58083333333333,51.2741666666667,-25.9333333333333,-2.44166666666667,2.46145171573467,0.53332877851187,14.4783333333333,15.305,0.000315047648669797,6
"SJER","QUDO","Quercus douglasii Hook. & Arn.",86.6333333333333,3.2275,48.545,-25.8,-0.516666666666667,1.28893447796881,0.405431253096107,4.565,9.55833333333333,0.000149374042026403,6
"SJER","QUWI2","Quercus wislizeni A. DC.",128.969230769231,2.11538461538462,48.5984615384615,-26.4,-1.73076923076923,2.28391400713405,0.627118319470471,6.88307692307692,13.9661538461538,0.000137687460530028,13
"SJER","RHIL","Rhamnus ilicifolia Kellogg",149.183333333333,2.08,47.5283333333333,-28.7,-1.75,2.80423066557797,0.784621881645262,8.72833333333333,14.3766666666667,0.000148103959122408,6
"SJER","SANI4","Sambucus nigra L.",101,3.26,49.67,-28.8,3.4,1.84033613445378,0.458508403361345,12.87,10.59,0.000247203334064488,1
"SJER","TODI","Toxicodendron diversilobum (Torr. & A. Gray) Greene",71.5,2.92,52.29,-27.4,-2.4,1.71997471554994,0.472187104930468,5.25,10.52,0.000106763285024155,1
"SOAP","","",90.6428571428571,1.40642857142857,46.5914285714286,-30.35,-2.52142857142857,2.26603043606134,0.521093733688054,14.49,25.8835714285714,0.00012052840109887,7
"SOAP","ARVIM","Arctostaphylos viscida Parry ssp. mariposa (Dudley) P.V. Wells",205.225,0.852,50.756,-30.38,-4.58,0.762628159458776,0.175437366134461,20.674,18.908,0.000228691086767621,8
"SOAP","CADE27","Calocedrus decurrens (Torr.) Florin",289.811111111111,1.087,49.705,-26.98,-4.49,1.50974716736316,0.311183867403119,14.981,14.88,0.000295826939929581,18
"SOAP","CECU","Ceanothus cuneatus (Hook.) Nutt.",207.225,1.76,49.34,-28.6,-2,2.18693032722358,0.487170429265572,9.12,11.36,0.00024584395854066,4
"SOAP","CEIN3","Ceanothus integerrimus Hook. & Arn.",76.6777777777778,2.62666666666667,46.505,-29.1666666666667,-1.85,4.60815907367132,1.03124424558583,6.71,9.85333333333333,9.62338479077589e-05,9
"SOAP","CEMOG","Cercocarpus montanus Raf. var. glaber (S. Watson) F.L. Martin",139.16,1.954,49.065,-28.24,-2.16,1.99802202177759,0.497822427122328,17.624,13.564,0.00013049842911797,6
"SOAP","CHFO","Chamaebatia foliolosa Benth.",118.51,1.51,53.65,-28.94,-2.7,3.37459546846264,0.779024139944045,19.154,12.472,0.000111999082852882,10
"SOAP","CONU4","Cornus nuttallii Audubon ex Torr. & A. Gray",53.2,1.77333333333333,42.83,-30.9,-2.8,5.01933473019033,0.960585802274374,5.94333333333333,17.87,8.35842089081479e-05,4
"SOAP","LOIN4","Lonicera interrupta Benth.",70.95,0.96,50.28,-30.4,-5.4,1.24969929812645,0.295214948774551,8.08,10.91,0.0001024987948623,2
"SOAP","PILA","Pinus lambertiana Douglas",308.7,NA,NA,NA,NA,1.19548872180451,0.241353383458647,NA,NA,0.000371078037007241,1
"SOAP","PIPO","Pinus ponderosa Lawson & C. Lawson",320.74,1.1625,49.7025,-27.8,-5.35,1.4419161230472,0.333533292463667,17.325,24.08,0.000383503671353178,5
"SOAP","QUCH2","Quercus chrysolepis Liebm.",187.033333333333,1.17,49.4214285714286,-28.3428571428571,-5.07142857142857,2.35508955753285,0.504180810878205,17.5621428571429,24.1692857142857,0.000141989023385932,12
"SOAP","QUKE","Quercus kelloggii Newberry",109.523076923077,2.32625,48.6625,-28.775,-3.9375,5.10642353983862,1.14244733330672,10.08875,15.365,0.000100067629625007,13
"SOAP","RIRO","Ribes roezlii Regel",117.25,1.01,47.19,-29.8,-1.8,1.57528673474521,0.375901705317169,3.02,5.9,0.000124767338160102,2
"SOAP","TODI","Toxicodendron diversilobum (Torr. & A. Gray) Greene",66.875,2.27,50.575,-30.65,-3.9,6.8446313226658,1.61129891610643,5.445,12.835,8.04075762919668e-05,4
"SRER","","",78.3,1.475,47.07,-16.25,3.075,4.47985016280756,1.09076694763471,5.6225,31.0275,0.000105347663909387,4
"SRER","ALWR","Aloysia wrightii (A. Gray) A. Heller",86.5,3.68,47.31,-26.7,0.55,1.6653742049632,0.330057722273694,6.7,12.805,0.000150919649311719,2
"SRER","ATCA2","Atriplex canescens (Pursh) Nutt.",110.1,3.915,45.135,-15.75,6.3,2.06645210147671,0.471353180613404,5.095,7.125,0.000217058943929574,2
"SRER","BABR","Baccharis brachyphylla A. Gray",NA,2.14,54.76,-27.7,2,1.14019933554817,0.258139534883721,10.79,29.95,NA,1
"SRER","CEEH","Celtis ehrenbergiana (Klotzsch) Liebm.",105.48,3.814,40.314,-25.66,5.12,2.46977179556988,0.541835544891536,2.346,7.07,0.000146321151112186,5
"SRER","ENFR","Encelia frutescens (A. Gray) A. Gray",62.1,4.4,44.07,-30.3,3.8,2.32851511169514,0.557161629434954,NA,NA,0.000188385516879482,1
"SRER","EPTR","Ephedra trifurca Torr. ex S. Watson",815.6,1.328,47.582,-23.96,2.16,0.701810669899576,0.247619799452626,14.754,32.564,0.000557499222432484,5
"SRER","EYOR","Eysenhardtia orthocarpa (A. Gray) S. Watson",71.9,3.13,52.46,-24,2.4,2.49866310160428,0.529411764705882,10.08,14.95,5.11549996489363e-05,1
"SRER","FOSP2","Fouquieria splendens Engelm.",79.05,2.445,48.6675,-26.35,2.725,1.49338503555599,0.303378113309279,3.7725,7.825,0.000171077848773781,4
"SRER","GUSA2","Gutierrezia sarothrae (Pursh) Britton & Rusby",124.3,2.81,54.99,-24.3,2.4,0.722627737226277,0.16970802919708,7.43,10.72,0.000232922498433257,1
"SRER","ISTE2","Isocoma tenuisecta Greene",123.35,2.785,50.32,-27.2,3.45,2.06715876879845,0.317402301150984,9.62,8.89,0.000219465738324014,2
"SRER","LATR2","Larrea tridentata (DC.) Coville",110.61,2.93818181818182,52.1663636363636,-25.6818181818182,4.93636363636364,2.35898222293865,0.607748727965634,5.97909090909091,8.21,0.00010888642929228,11
"SRER","MIDY","Mimosa dysocarpa Benth.",87.7,3.16,53.64,-24.85,0.45,2.70420168067227,0.721008403361345,5.69,15.4,3.09971732137635e-05,1
"SRER","OPEN3","Opuntia engelmannii Salm-Dyck ex Engelm.",1289.19,1.1045,39.881,-13.72,4.93,0.0754770844872779,0.0204029702499286,2.22,12.018,0.0106434630137188,10
"SRER","OPPH","Opuntia phaeacantha Engelm.",1746.64,0.718,36.036,-12.46,3.6,0.0869317534162678,0.0254203586856687,1.13,10.934,0.0102679721253965,5
"SRER","PAFL6","Parkinsonia florida (Benth. ex A. Gray) S. Watson",77.26,3.712,47.588,-25.74,4.14,1.59381084424065,0.425926829947171,3.286,5.716,8.9591877578973e-05,5
"SRER","PAIN2","Parthenium incanum Kunth",75.46,3.506,47.158,-28.42,3.08,2.2802663816284,0.439313838118859,8.786,10.302,0.000146834651566516,5
"SRER","PRVE","Prosopis velutina Woot.",135.008333333333,3.59615384615385,52.0130769230769,-25.4307692307692,3.41538461538462,3.75129694820607,0.807255343898199,14.2738461538462,13.6630769230769,0.000130378193631173,14
"SRER","SEGR4","Senegalia greggii (A. Gray) Britton & Rose",96.0333333333333,3.48666666666667,50.2016666666667,-27.0333333333333,4.71666666666667,2.97895852259759,0.613068153670128,10.6666666666667,13.22,7.27601217348755e-05,6
"SRER","VACO9","Vachellia constricta (Benth.) Seigler & Ebinger",146.86,3.437,48.08,-27.02,1.21,2.89507842434674,0.794533184323523,5.456,8.14,0.00015166210906329,5
"SRER","ZIOB","Ziziphus obtusifolia (Hook. ex Torr. & A. Gray) A. Gray",110.1,3.81,52.32,-25.8,2.8,3.44162436548223,0.865482233502538,4.7,5.36,9.99441935974836e-05,1
"STEI","ABBA","Abies balsamea (L.) Mill.",227.866666666667,1.594,52.296,-28.4,-2.48,1.03235397875983,0.180047227942738,15.562,12.116,0.000209025438701269,5
"STEI","ACRU","Acer rubrum L.",65.5714285714286,1.98,49.3657142857143,-27.5,-4.25714285714286,2.9289218588816,0.60108471186775,9.35,11.2514285714286,9.36713328595631e-05,7
"STEI","ACSA3","Acer saccharum Marshall",69.1636363636364,1.858,48.697,-27.38,-4.45,2.93899501137224,0.605305012894632,10.501,13.086,8.31761090972423e-05,11
"STEI","ALINR","Alnus incana (L.) Moench ssp. rugosa (Du Roi) R.T. Clausen",74.8666666666667,2.76666666666667,50.6416666666667,-27.7833333333333,-1.01666666666667,6.75710366362784,1.4276057440973,18.9433333333333,10.66,9.94495364470186e-05,3
"STEI","BEPA","Betula papyrifera Marshall",56.15,2.525,49.1025,-29.025,-1.275,2.97355103905012,0.533561470768268,17.445,10.47,0.000100127388722805,4
"STEI","FRAM2","Fraxinus americana L.",64.0428571428571,2.405,47.6383333333333,-26.6666666666667,-3.01666666666667,3.17458601663661,0.707635972710522,16.1166666666667,19.5633333333333,0.000102014729352142,7
"STEI","FRPE","Fraxinus pennsylvanica Marshall",46.9,2.18,49.49,-29.4,-1.9,9.68395657418577,1.50060313630881,23.52,22.55,6.21584672999988e-05,1
"STEI","OSVI","Ostrya virginiana (Mill.) K. Koch",38.94,2.437,47.147,-29.94,-0.88,5.64660207937193,0.998425907041675,17.652,18.194,4.86515622060317e-05,5
"STEI","PIGL","Picea glauca (Moench) Voss",283.05,1.29,50.125,-26.75,-3.1,1.1186934888746,0.182761545952296,13.895,18.635,0.000288239743932813,2
"STEI","PIRE","Pinus resinosa Aiton",303.766666666667,1.11333333333333,51.51,-29.1,-2.03333333333333,1.25105838788346,0.213100722566066,16.3733333333333,17.7483333333333,0.0003006892299501,3
"STEI","POGR4","Populus grandidentata Michx.",74.25,2.72,51.1575,-28.325,-0.9,4.00499614308771,0.79494453186141,22.2725,14.12,8.40607582909866e-05,4
"STEI","POTR5","Populus tremuloides Michx.",79.4818181818182,2.45772727272727,51.1886363636364,-28.3136363636364,-1.94545454545455,4.41882055954987,0.906346037552827,20.7681818181818,15.1436363636364,9.97447479151501e-05,11
"STEI","QUMA2","Quercus macrocarpa Michx.",95.5,2.68,49.8,-28.8,-1.3,7.81376518218623,1.43724696356275,19.82,18.34,0.000109127209202078,1
"STEI","QURU","Quercus rubra L.",82.7333333333333,2.495,49.7183333333333,-27.5333333333333,-2.2,2.94384088037737,0.515369097685502,17.51,14.0866666666667,0.00010906541301255,6
"STEI","THOC2","Thuja occidentalis L.",350.6,1.07,50.06,-25.2,-2.2,0.534011443102352,0.10680228862047,13.07,10.04,0.00030767155319723,1
"STEI","TIAM","Tilia americana L.",69.125,3.0075,46.6675,-26.725,-0.775,2.79801309006284,0.504977780480601,12.8925,14.08,0.000121963597515275,4
"STEI","TSCA","Tsuga canadensis (L.) Carrière",194.7,1.191,51.033,-27.21,-2.95,0.976228122581322,0.226917217501623,8.893,11.984,0.000145677042386771,5
"STEI","ULAM","Ulmus americana L.",46.2,3.01,46.16,-27,-2.8,1.80349344978166,0.294759825327511,14.86,12.43,0.000101387719234008,1
"STER","","",83.1714285714286,2.43196428571429,41.7501785714286,-17.4357142857143,3.01607142857143,3.53098267020351,0.785052327314612,3.49214285714286,22.4867857142857,0.000133724777313532,29
"TALL","ACRU","Acer rubrum L.",80.15,1.95,50.3,-27.6,-4.1,1.64287069244479,0.359975735369452,16.39,10.38,0.000109093344085177,2
"TALL","CATO6","Carya tomentosa (Lam.) Nutt.",58.35,3.03,47.935,-26.95,-1.65,0.828361626529807,0.211075141465982,11.385,11.62,0.000159647828547079,2
"TALL","LIST2","Liquidambar styraciflua L.",75.8555555555556,1.72277777777778,49.1833333333333,-29.4555555555556,-3.83333333333333,1.45023955378879,0.311145154942644,22.8622222222222,20.03,0.000149405990716211,9
"TALL","LITU","Liriodendron tulipifera L.",71.1857142857143,2.62428571428571,48.5857142857143,-27.8428571428571,-3.92857142857143,2.18785161504504,0.400338687719335,16.5685714285714,15.8257142857143,0.000161047281916467,7
"TALL","NYSY","Nyssa sylvatica Marshall",89.44,1.35,48.024,-29.08,-4,1.42833896945205,0.339560026540485,7.024,14.3,0.000131833609444328,5
"TALL","PIEC2","Pinus echinata Mill.",273.457142857143,1.03714285714286,50.4635714285714,-30.2071428571429,-3.17857142857143,0.872500033172829,0.17136483062658,17.9257142857143,16.5871428571429,0.000312011850656438,7
"TALL","PIPA2","Pinus palustris Mill.",333.685714285714,0.800714285714286,49.9164285714286,-28.7535714285714,-4.16785714285714,0.92094881191437,0.227902853365401,18.9839285714286,24.415,0.0003852042278601,14
"TALL","PITA","Pinus taeda L.",265.211111111111,1.13333333333333,51.2055555555556,-30.2,-3.02222222222222,1.24758146873214,0.242776657314757,19.3566666666667,20.0711111111111,0.000291696267404463,9
"TALL","QUAL","Quercus alba L.",78.875,1.839375,48.33625,-28.58125,-3.1,1.70346540959749,0.407892938470571,14.3225,18.09375,0.000107234670908938,8
"TALL","QUFA","Quercus falcata Michx.",105.485714285714,1.63285714285714,49.9042857142857,-29.1142857142857,-2.74285714285714,1.39308200035507,0.307478136849972,18.7842857142857,19.4357142857143,0.000137917261980241,7
"TALL","QUMA3","Quercus marilandica Münchh.",92.3,1.43,50.28,-30,-3.5,2.2313829787234,0.441489361702128,14.72,18.82,0.000111510144660624,1
"TALL","QUMO4","Quercus montana Willd.",106.06,1.88,50.558,-27.94,-2.7,2.20053691376772,0.461416569204108,20.04,17.314,0.000123720061254784,5
"TALL","QUNI","Quercus nigra L.",105.15,1.4975,49.6225,-27.65,-1.825,1.32397053495955,0.280658535603591,13.555,19.065,0.000124292208079942,2
"TALL","QURU","Quercus rubra L.",105.9,1.63,50.16,-27,-2.8,2.20980926430518,0.474114441416894,8.95,10.49,0.000112137750277856,1
"TALL","QUST","Quercus stellata Wangenh.",128.3,1.56,50.12,-29.2,-1.2,1.66268260292165,0.281540504648074,11.48,14.44,0.000141710090210782,1
"TALL","QUVE","Quercus velutina Lam.",92.4,1.86,47.82,-27.9,-2.5,1.62944162436548,0.312182741116751,15.62,15.07,0.000130881259147292,1
"TALL","VAAR","Vaccinium arboreum Marshall",63.2,1.65,50.145,-30.1,0.3,1.06543385490754,0.209103840682788,12.68,13.44,0.000188244281056896,1
"TEAK","ABCO","Abies concolor (Gord. & Glend.) Lindl. ex Hildebr.",288.84,0.928,50.446,-27.54,-4.24,1.0485455861581,0.217297749214186,17.496,15.05,0.000360011906139752,5
"TEAK","ABMA","Abies magnifica A. Murray bis",353.42,0.922,50.344,-28.06,-3.78,1.2547170055972,0.218958394890224,19.048,14.282,0.000405759360346947,5
"TEAK","ARNE","Arctostaphylos nevadensis A. Gray",176,1.09,52.04,-28.7,-2.8,0.943877551020408,0.211734693877551,17.38,13.48,0.000237244897959184,1
"TEAK","ARPA6","Arctostaphylos patula Greene",240.5,0.87,50.715,-29.15,-4.1,0.741919913503495,0.171014894670144,13.045,12.955,0.000228883946261083,2
"TEAK","CECO","Ceanothus cordulatus Kellogg",74.3,2.76666666666667,50.2933333333333,-28.6333333333333,-0.966666666666667,3.0721076415934,0.651604118288166,11.7733333333333,8.17333333333333,0.000111934353956626,3
"TEAK","CHSE11","Chrysolepis sempervirens (Kellogg) Hjelmqvist",141.8,1.22,50.85,-27.2,-6,1.07396149949341,0.186423505572442,12.59,16.45,0.000185264472393185,1
"TEAK","PICO","Pinus contorta Douglas ex Loudon",244.225,1.2425,52.24375,-28.35,-2.7125,0.936591937090259,0.146438381360577,18.605,17.0075,0.000317268093989263,4
"TEAK","PIJE","Pinus jeffreyi Balf.",306.45,1.125,51.735,-27.8,-2.4,0.519913450552562,0.122187901277009,21.255,18.395,0.000318141056446495,2
"TEAK","PILA","Pinus lambertiana Douglas",189.6,1.11,49.7,-25.8,-2.4,0.862104187946884,0.19611848825332,14.56,19.04,0.000191136487221316,1
"TEAK","PREM","Prunus emarginata (Douglas ex Hook.) D. Dietr.",60,3.63,46.61,-26.5,-5.1,7.59435173299101,1.78177150192555,5,6.75,0.000129359586049325,1
"TEAK","RICE","Ribes cereum Douglas",91.3,1.54,46.96,-30.4,-2.1,1.32994923857868,0.33756345177665,3.62,5.82,0.000125289575289575,1
"TEAK","RIRO","Ribes roezlii Regel",69.2,1.98,49.36,-30.8,-1.1,1.71501272264631,0.379134860050891,10.83,11.63,0.00010521679553685,1
"TOOL","","",88.6157894736842,1.71105263157895,50.4827631578947,-28.2171052631579,-2.22105263157895,1.68394053049327,0.39492128536092,12.1432894736842,21.2843421052632,0.00012119642162266,38
"TREE","ABBA","Abies balsamea (L.) Mill.",170.8,1.2775,52.945,-29.275,-3.775,1.64437871531234,0.312358341803338,13.4425,10.5925,0.000207881629715743,4
"TREE","ACRU","Acer rubrum L.",92.58,1.718,52.935,-27.03,-5.57,2.61346867062732,0.626642023173902,9.117,9.977,0.000105416731583103,10
"TREE","ACSA3","Acer saccharum Marshall",79.28,1.404,49.608,-28.38,-6.44,2.83718956486124,0.63556997088702,9.084,12.71,9.1744381088358e-05,5
"TREE","ALINR","Alnus incana (L.) Moench ssp. rugosa (Du Roi) R.T. Clausen",78.3333333333333,2.71333333333333,54.39,-27.5666666666667,-1.03333333333333,1.92669573372586,0.585598762786711,15.3133333333333,10.3066666666667,0.000107157316613278,3
"TREE","BEAL2","Betula alleghaniensis Britton",198.7,2.27,51.065,-27.95,-3.7,6.84248982383283,1.25483058947611,11.105,10.005,0.000295760396167737,2
"TREE","BEPA","Betula papyrifera Marshall",81.96,2.406,52.672,-27.18,-3.8,1.87593625480051,0.391128883410369,12.08,8.868,0.00012416042248252,5
"TREE","CACA18","Carpinus caroliniana Walter",55.5,1.82,52.04,-27.3,-2.9,5.05508982035928,0.991616766467066,8.3,12.82,6.24678115398959e-05,1
"TREE","FRAM2","Fraxinus americana L.",84.8,2.54,53.28,-22.1,-3.2,2.10800970873786,0.527912621359223,18.25,18.14,0.000117610677732777,1
"TREE","FRNI","Fraxinus nigra Marshall",79.2,1.3,45.04,-25.3,-1.3,1.33374384236453,0.263546798029557,9.78,15.64,0.000116874087899837,1
"TREE","FRPE","Fraxinus pennsylvanica Marshall",82.15,2.15,49.835,-25.25,-4.3,3.65607424539534,0.718726591068422,15.87,20.48,0.000103970705214899,2
"TREE","LALA","Larix laricina (Du Roi) K. Koch",120.966666666667,1.86666666666667,53.0466666666667,-28.7,-3.2,1.93021730256717,0.359432330133871,11.6166666666667,12.63,0.00019446826207634,3
"TREE","OSVI","Ostrya virginiana (Mill.) K. Koch",54.1,1.88,45.35,-30.9,-2.5,2.70697674418605,0.574418604651163,16.62,17.36,5.37560203110585e-05,1
"TREE","PIGL","Picea glauca (Moench) Voss",169.8,1.4075,51.2,-26.65,-2.5,0.780621759760563,0.15333835285268,12.38,20.865,0.000290775081354071,3
"TREE","PIMA","Picea mariana (Mill.) Britton, Sterns & Poggenb.",185.16,1.268,51.598,-26.72,-4.8,0.676604009581728,0.135216095909437,13.984,18.124,0.000339538983981134,5
"TREE","PIRE","Pinus resinosa Aiton",402.633333333333,1.25666666666667,53.0233333333333,-29.1,-4.13333333333333,1.34830879098012,0.272668797147159,15.02,16.9233333333333,0.000432836683650489,3
"TREE","PIST","Pinus strobus L.",177.166666666667,1.48,47.1566666666667,-27,-3.66666666666667,1.16765028663247,0.247807596904982,15.7333333333333,16.5833333333333,0.000208061413249088,3
"TREE","POGR4","Populus grandidentata Michx.",92,2.69,49.98,-29.5,-2.4,6.81677704194261,1.35688005886681,15.2,18.09,0.000102477178055482,1
"TREE","POTR5","Populus tremuloides Michx.",102.3,2.098,53.53,-26.82,-4.48,2.0620732240374,0.492651925233589,12.386,13.018,0.00010874947466952,5
"TREE","PRSE2","Prunus serotina Ehrh.",63.9,2.625,54.555,-28.85,-3.95,1.40403523984032,0.32795015051371,8.78,10.1,0.000103768843165173,2
"TREE","THOC2","Thuja occidentalis L.",226.8,1.1425,52.3325,-26.4,-4.375,0.672117695730237,0.140916905770572,14.36,11.575,0.000317960606995474,2
"TREE","TIAM","Tilia americana L.",72.45,2.945,49.505,-28.85,-1.85,6.75923689929968,1.23019616220534,8.81,12.15,0.000116888454558437,2
"TREE","TSCA","Tsuga canadensis (L.) Carrière",158.566666666667,1.31,53.0166666666667,-27.2,-5.1,0.638340667843773,0.196548798208348,7.82666666666667,10.99,0.000182728711702522,3
"UKFS","","",62.6142857142857,1.26285714285714,43.8014285714286,-21.2285714285714,-3.15714285714286,1.75381864331642,0.417706294180049,4.38142857142857,30.2071428571429,9.75067676443039e-05,7
"UKFS","CAOV2","Carya ovata (Mill.) K. Koch",80.74,2.251,46.548,-27.88,-1.1,3.68072472390425,0.721744726910477,14.323,20.547,0.00011073014383509,10
"UKFS","CECA4","Cercis canadensis L.",60.55,2.675,47.0775,-29.5,-0.425,5.36614766253422,0.961490739473174,10.36125,14.9325,9.83125265278643e-05,4
"UKFS","CEOC","Celtis occidentalis L.",52.33,3.014,43.954,-26.97,-0.94,3.73662824955538,0.70934400725156,8.863,15.174,0.000101549924612254,10
"UKFS","FRAM2","Fraxinus americana L.",75.8333333333333,2.18,48.1666666666667,-27.0333333333333,-1.36666666666667,2.79227683905103,0.524005803038061,16.5666666666667,24.52,9.61510356215458e-05,3
"UKFS","GLTR","Gleditsia triacanthos L.",93.2,2.3825,49.1675,-28.075,-0.1,1.57121708714333,0.393787181888289,20.505,13.26,0.000117894571628637,2
"UKFS","GYDI","Gymnocladus dioicus (L.) K. Koch",58.4,4.385,48.2,-24.85,1.5,2.51957973644721,0.435309561815586,6.515,12.88,0.000142399210626328,2
"UKFS","JUNI","Juglans nigra L.",55.6142857142857,2.685,47.2207142857143,-29.0142857142857,-1.39285714285714,2.75354524541272,0.636902511894133,8.72857142857143,12.7371428571429,0.000107656922213021,7
"UKFS","JUVI","Juniperus virginiana L.",467.4,1.295,50.965,-26.4,-2.9,0.83153256853641,0.205765723819501,13.56,13.355,0.000391384172396999,2
"UKFS","MAPO","Maclura pomifera (Raf.) C.K. Schneid.",54.3666666666667,2.9575,43.71,-28.1833333333333,-1.20833333333333,2.57703684059382,0.527301151421764,7.47333333333333,16.3683333333333,0.000132013893383122,6
"UKFS","MOAL","Morus alba L.",27.2,3.07,43.54,-27.5,-0.5,3.86153846153846,0.683076923076923,5.17,16.85,6.80933395321753e-05,1
"UKFS","PLOC","Platanus occidentalis L.",75.2,2.585,48.17,-25.9,-2.25,2.5,0.316929133858268,14.27,12.91,0.000138822474596533,1
"UKFS","PODE3","Populus deltoides W. Bartram ex Marshall",129.2,1.37,44.74,-29.1,0.4,1.13853141559425,0.237698713096139,6.82,17.11,0.000198863161414361,1
"UKFS","PRSE2","Prunus serotina Ehrh.",89.7,1.89,49.64,-27.8,-2.3,1.36581593194122,0.255220417633411,9.66,12.6,0.000133208722741433,1
"UKFS","QUMA2","Quercus macrocarpa Michx.",100.4,2.085,48.6,-26.85,-1.3,1.95474165399223,0.363499545419786,11.905,15.06,0.000136716141158855,2
"UKFS","QUMU","Quercus muehlenbergii Engelm.",74.2571428571429,2.39142857142857,50.4385714285714,-28.4571428571429,-0.871428571428571,2.66682085536396,0.510674681237996,16.1457142857143,16.685,9.56855472553075e-05,7
"UKFS","QURU","Quercus rubra L.",83.9666666666667,2.31333333333333,48.6466666666667,-27.1333333333333,-1.4,2.60678125654293,0.44782968007606,15.0933333333333,15.63,0.000112456199020543,3
"UKFS","QUVE","Quercus velutina Lam.",106.166666666667,2.03,49.69,-26.7,-1.06666666666667,1.92187420319647,0.34260055134472,16.1666666666667,16.76,0.000128917867896233,3
"UKFS","ULAM","Ulmus americana L.",57.3555555555556,2.30055555555556,45.6633333333333,-28.5444444444444,-1.11666666666667,2.97102598410756,0.490572156953171,12.3444444444444,19.04,0.000104340589166434,9
"UKFS","ULRU","Ulmus rubra Muhl.",59.4,2.33,44.23,-26.7,-2.8,1.98723064644852,0.352753391859537,4.24,13.59,0.000109732089360609,1
"UNDE","ABBA","Abies balsamea (L.) Mill.",168.17,1.123,50.151,-29.615,-3.175,1.99769967167246,0.401647792984679,12.509,11.181,0.000187523097568532,10
"UNDE","ACRU","Acer rubrum L.",68.0666666666667,1.71888888888889,48.2022222222222,-27.6666666666667,-5.22222222222222,2.33086017987908,0.66140233158985,7.36333333333333,9.11666666666667,9.82116009203157e-05,9
"UNDE","ACSA3","Acer saccharum Marshall",58.96,1.651,46.928,-28.41,-4.63,4.59725333062238,0.981968994342696,7.076,12.867,8.34455456243184e-05,10
"UNDE","ALINR","Alnus incana (L.) Moench ssp. rugosa (Du Roi) R.T. Clausen",56.2333333333333,2.92,49.5433333333333,-29.15,-1.45,5.63873789312928,1.25827761908334,19.3366666666667,11.66,9.77124443355157e-05,3
"UNDE","BEAL2","Betula alleghaniensis Britton",65.88,2.204,47.042,-29,-2.28,3.15238199844321,0.611888250288767,11.132,9.714,9.35441305960964e-05,5
"UNDE","BEPA","Betula papyrifera Marshall",60.925,2.4475,47.815,-29.15,-2.375,3.51908052674045,0.725826936781651,9.8775,8.8575,0.000107497674962607,4
"UNDE","COCO6","Corylus cornuta Marshall",42,2.09,45.36,-28.8,-3,9.61877094972067,1.81005586592179,5.01,12.33,5.9849711676049e-05,1
"UNDE","FRAM2","Fraxinus americana L.",48.8666666666667,2.83666666666667,46.0566666666667,-26.9666666666667,-1.63333333333333,5.18050051118925,1.17087394864228,17.1466666666667,17.9966666666667,0.000111244145236496,3
"UNDE","FRNI","Fraxinus nigra Marshall",71.15,3.06166666666667,45.3533333333333,-25.7666666666667,-0.1,3.95214595953458,0.939301521591114,13.5,10.9866666666667,0.000150526582868545,6
"UNDE","LALA","Larix laricina (Du Roi) K. Koch",80.95,1.8925,49.0775,-29.725,-4.475,1.41291554913979,0.367446209772725,11.74,12.7475,0.000117427959269768,4
"UNDE","OSVI","Ostrya virginiana (Mill.) K. Koch",33.3,2.59,46.2166666666667,-30.3666666666667,-3.5,13.5436946721036,2.47607666264859,12.47,16.1566666666667,4.70281404107365e-05,3
"UNDE","PIGL","Picea glauca (Moench) Voss",238.3,0.9,48.4,-29.7,-5.4,0.817204301075269,0.157706093189964,14.34,19.84,0.000285312805474096,1
"UNDE","PIMA","Picea mariana (Mill.) Britton, Sterns & Poggenb.",227.925,0.8575,48.975,-28.975,-7.725,1.17636428288365,0.225758261843609,14.1125,16.29,0.000212445189998533,4
"UNDE","POGR4","Populus grandidentata Michx.",69.3875,2.70375,49.55625,-28.1875,-2.3875,5.01962406886235,1.17146441335974,15.48875,12.405,9.97126503768119e-05,8
"UNDE","POTR5","Populus tremuloides Michx.",74.4333333333333,2.57,49.4044444444444,-27.8777777777778,-1.03333333333333,6.97670904892896,1.60591855292079,12.82,13.1377777777778,0.000103138714460564,9
"UNDE","PRVI","Prunus virginiana L.",52.2,2.41,47.43,-29.4,-4.4,3.08795562599049,0.591917591125198,11.98,14.12,8.99704347611548e-05,1
"UNDE","THOC2","Thuja occidentalis L.",233.5,0.92,48.7875,-26.55,-5.6,1.59206408192784,0.347758103475134,13.8025,11.245,0.00024798146784597,4
"UNDE","TIAM","Tilia americana L.",61.65,3.295,45.405,-28.15,0.55,12.5751423149905,2.69556269157787,8.405,15.115,0.000112351792152422,2
"UNDE","TSCA","Tsuga canadensis (L.) Carrière",117.2,1.06,48.83,-30,-3,1.05894736842105,0.233684210526316,7.93,10.59,0.00014731843915505,1
"UNDE","ULAM","Ulmus americana L.",41.85,2.735,44.55,-29.4,-1.55,6.50512943864818,1.32578349719875,8.715,11.765,8.77206375967129e-05,2
"WOOD","","",104.8225,1.594375,40.22675,-26.47,0.805,3.09863976356457,0.589680303161158,4.55675,29.96075,0.000152917457903227,40
"WREF","ABAM","Abies amabilis (Douglas ex Loudon) Douglas ex Forbes",305.9,0.8475,52.57,-30.45,-5.3,1.4480210203215,0.270670795538764,13.1025,13.84,0.000291823309368699,4
"WREF","ACCI","Acer circinatum Pursh",28.05,1.445,47.87,-30.15,-5.6,3.4679610962206,0.981220501102928,5.57,9.75,7.02223019682422e-05,2
"WREF","COCOC","Corylus cornuta Marshall var. californica (A. DC.) Sharp",61.9,2.08,46.87,-30.2,-4.9,10.9690932311622,2.25185185185185,5.22,10.8,7.24195140818549e-05,1
"WREF","PSMEM","Pseudotsuga menziesii (Mirb.) Franco var. menziesii",244.006666666667,0.92,50.922,-26.9,-3.68,1.05240913250016,0.223219222970064,13.098,14.5,0.000228841998966885,15
"WREF","TABR2","Taxus brevifolia Nutt.",135.2,0.9975,54.1725,-27.025,-3.7,2.27331454514319,0.499739563759611,22.7,9.845,0.000135269852276622,2
"WREF","THPL","Thuja plicata Donn ex D. Don",348.3,0.751,52.845,-26.2,-5.25,1.00566671226269,0.230098077780192,17.768,14.806,0.000353975487097124,5
"WREF","TSHE","Tsuga heterophylla (Raf.) Sarg.",218.672727272727,0.8425,52.822,-27.77,-6.38,0.71590644593285,0.18320085163339,15.785,12.772,0.000209435186268805,11
"WREF","VAPA","Vaccinium parvifolium Sm.",50.1,1.78,48.85,-30.1,-4.9,10.4599118942731,1.93832599118943,4.72,8.31,6.15056168352564e-05,1
"YELL","","",76.025,1.75,46.4575,-28.025,0.175,1.9542840819369,0.457746597450288,4.6,23.36,0.000128817432964771,4
"YELL","ARTR2","Artemisia tridentata Nutt.",88.35,1.725,50.62,-29.34,0.095,0.951143216685058,0.213920489985719,8.983,15.364,0.000152425794163306,10
"YELL","JUCO6","Juniperus communis L.",205.916666666667,0.985,52.4583333333333,-28.4666666666667,-2.76666666666667,0.949849816222231,0.197648292512355,10.3533333333333,17.6266666666667,0.000183608742242775,6
"YELL","PICO","Pinus contorta Douglas ex Loudon",309.944444444444,0.978888888888889,53.9922222222222,-27.8333333333333,-3.31111111111111,0.790594474122274,0.129472818450436,18.2188888888889,17.4677777777778,0.000307217349951074,9
"YELL","POTR5","Populus tremuloides Michx.",86.575,2.07541666666667,52.5854166666667,-29.1791666666667,-1.14583333333333,3.4394228790431,0.77768504994118,10.7708333333333,12.0358333333333,9.83622856010239e-05,12
"YELL","PRVI","Prunus virginiana L.",85.6,1.77,50.26,-31.1,-3.2,2.52300785634119,0.621773288439955,8.52,10.5,0.000105243680893534,1
"YELL","PSME","Pseudotsuga menziesii (Mirb.) Franco",251.685714285714,0.984642857142857,52.3771428571429,-27.225,-1.88571428571429,0.578051173054623,0.118973428862099,14.6842857142857,14.4092857142857,0.000233201277929059,14
"YELL","SHCA","Shepherdia canadensis (L.) Nutt.",84.36,2.63,49.452,-28.48,-0.56,3.25424547768547,0.803528258623428,4.564,9.342,0.00014306965805504,5
"YELL","SYAL","Symphoricarpos albus (L.) S.F. Blake",73.8,1.99,48.875,-29.4,0.8,1.62549019607843,0.350980392156863,4.93,7.56,9.83412502086716e-05,1
